ticker,date,open,high,low,close,volume,change_percent
GOOG,2024-12-01,168.76,201.42,168.57,189.3,645620000,12.04
GOOG,2024-11-01,170.07,182.49,163.7,168.95,529990000,-1.26
GOOG,2024-10-01,167.68,182.02,159.74,171.11,569360000,3.17
GOOG,2024-09-01,161.72,166.15,147.21,165.85,532679999,1.51
GOOG,2024-08-01,170.25,174.05,154.93,163.38,550740000,-4.76
GOOG,2024-07-01,183.03,191.75,164.06,171.54,526150000,-5.82
GOOG,2024-06-01,172.54,186.05,171.16,182.15,461090000,5.59
GOOG,2024-05-01,164.3,178.77,163.05,172.5,542410000,5.97
GOOG,2024-04-01,150.69,174.71,149.6,162.78,659880000,7.85
GOOG,2024-03-01,138.43,152.26,130.66,150.93,672720000,9.01
GOOG,2024-02-01,142.12,149.44,135.41,138.46,647510000,-1.17
GOOG,2024-01-01,138.55,153.78,135.15,140.1,581870000,0.29
GOOG,2023-12-01,131.86,142.68,127.9,139.69,620000000,5.4
GOOG,2023-11-01,124.07,139.42,123.71,132.53,535340000,6.81
GOOG,2023-10-01,131.21,141.22,120.21,124.08,680760000,-5.18
GOOG,2023-09-01,137.46,139.16,127.22,130.86,477630000,-3.9
GOOG,2023-08-01,130.77,138.0,126.38,136.17,593520000,2.6
GOOG,2023-07-01,119.24,133.74,115.35,132.72,707110000,10.88
GOOG,2023-06-01,122.82,129.04,116.1,119.7,656880000,-2.58
GOOG,2023-05-01,106.84,126.43,103.71,122.87,820610000,14.47
GOOG,2023-04-01,102.39,109.17,101.93,107.34,604110000,3.48
GOOG,2023-03-01,89.98,106.59,89.42,103.73,860050000,15.18
GOOG,2023-02-01,98.71,108.18,88.57,90.06,952710000,-8.88
GOOG,2023-01-01,89.58,100.32,84.86,98.84,672900000,12.03
GOOG,2022-12-01,101.02,102.25,85.94,88.23,602720000,-12.63
GOOG,2022-11-01,95.45,101.04,83.34,100.99,716540000,6.86
GOOG,2022-10-01,96.76,104.82,91.8,94.51,681650000,-1.19
GOOG,2022-09-01,108.28,111.62,95.56,95.65,613290000,-11.62
GOOG,2022-08-01,115.3,122.43,107.8,108.22,515880000,-6.96
GOOG,2022-07-01,107.93,119.68,104.07,116.32,789630000,6.75
GOOG,2022-06-01,114.86,119.35,105.05,108.96,770870000,-4.22
GOOG,2022-05-01,113.4,122.85,101.88,113.76,850450000,-0.3
GOOG,2022-04-01,139.5,143.71,112.74,114.11,761180000,-17.95
GOOG,2022-03-01,134.88,143.79,125.28,139.07,729200000,2.97
GOOG,2022-02-01,137.59,151.55,124.95,135.06,928150000,-0.18
GOOG,2022-01-01,145.05,146.48,124.5,135.3,767400000,-6.59
GOOG,2021-12-01,144.0,149.1,139.32,144.85,620400000,2.08
GOOG,2021-11-01,148.05,150.97,141.6,141.9,608460000,-4.15
GOOG,2021-10-01,134.45,148.65,131.05,148.05,720800000,10.75
GOOG,2021-09-01,145.0,146.25,133.56,133.68,590910000,-7.62
GOOG,2021-08-01,135.12,145.97,133.32,144.7,461620000,7.4
GOOG,2021-07-01,121.72,138.3,121.53,134.73,610840000,10.35
GOOG,2021-06-01,118.72,123.1,116.48,122.09,544960000,3.6
GOOG,2021-05-01,118.25,119.45,109.68,117.84,603500000,0.14
GOOG,2021-04-01,104.61,121.57,104.57,117.68,702400000,14.11
GOOG,2021-03-01,102.4,105.69,99.7,103.13,756760000,2.01
GOOG,2021-02-01,92.23,107.26,92.23,101.1,678360000,10.65
GOOG,2021-01-01,88.0,96.6,84.81,91.37,791710000,4.26
GOOG,2020-12-01,88.33,92.19,84.7,87.63,608670000,-0.1
GOOG,2020-11-01,81.18,90.84,80.61,87.72,632000000,8.56
GOOG,2020-10-01,74.18,84.07,71.66,80.81,855060000,10.27
GOOG,2020-09-01,81.61,86.31,70.11,73.28,836690000,-10.06
GOOG,2020-08-01,74.55,82.64,73.2,81.48,614670000,9.52
GOOG,2020-07-01,70.96,79.35,70.71,74.4,823140000,4.93
GOOG,2020-06-01,71.29,73.79,67.58,70.9,814320000,-1.08
GOOG,2020-05-01,66.2,72.26,64.8,71.68,725270000,6.45
GOOG,2020-04-01,56.2,68.01,53.75,67.33,1120000000,15.9
GOOG,2020-03-01,67.57,70.41,50.44,58.1,1570000000,-13.24
GOOG,2020-02-01,73.08,76.54,63.41,66.96,831300000,-6.53
GOOG,2020-01-01,67.42,75.03,67.32,71.64,674010000,6.97
GOOG,2019-12-01,65.13,68.35,63.85,66.97,565600000,2.71
GOOG,2019-11-01,63.29,66.7,62.99,65.2,527190000,3.6
GOOG,2019-10-01,61.12,64.96,58.16,62.94,622540000,3.08
GOOG,2019-09-01,59.09,62.4,58.19,61.06,525490000,2.57
GOOG,2019-08-01,60.88,61.81,57.14,59.53,587060000,-2.27
GOOG,2019-07-01,55.05,63.42,54.77,60.91,715270000,12.5
GOOG,2019-06-01,53.35,56.33,51.35,54.14,712480000,-2.14
GOOG,2019-05-01,59.88,59.96,55.17,55.33,742740000,-7.71
GOOG,2019-04-01,59.38,64.85,59.15,59.95,647500000,1.88
GOOG,2019-03-01,56.55,61.82,56.51,58.84,663720000,4.47
GOOG,2019-02-01,56.11,57.7,54.68,56.33,652200000,0.06
GOOG,2019-01-01,51.36,56.38,51.12,56.29,697200000,7.74
GOOG,2018-12-01,56.61,56.75,48.88,52.25,857400000,-5.83
GOOG,2018-11-01,54.57,55.5,50.11,55.48,786270000,1.75
GOOG,2018-10-01,60.65,61.23,50.36,54.53,1130000000,-9.65
GOOG,2018-09-01,61.13,61.39,57.58,60.35,718540000,-2.01
GOOG,2018-08-01,61.96,63.6,60.2,61.59,685970000,0.37
GOOG,2018-07-01,55.77,64.57,55.33,61.36,836120000,8.68
GOOG,2018-06-01,55.64,60.07,55.3,56.46,803690000,2.65
GOOG,2018-05-01,50.81,55.91,50.39,55.0,740730000,7.99
GOOG,2018-04-01,51.38,54.88,49.71,50.93,985040000,-1.79
GOOG,2018-03-01,55.48,58.91,49.2,51.86,1040000000,-6.05
GOOG,2018-02-01,58.8,59.37,49.85,55.2,1030000000,-6.62
GOOG,2018-01-01,52.65,59.9,52.65,59.11,657750000,12.23
GOOG,2017-12-01,51.52,54.32,50.12,52.67,598810000,1.66
GOOG,2017-11-01,51.82,54.0,51.43,51.81,573750000,0.3
GOOG,2017-10-01,48.78,53.18,48.1,51.65,737090000,6.09
GOOG,2017-09-01,47.87,48.79,46.23,48.69,592590000,1.93
GOOG,2017-08-01,47.39,47.86,45.93,47.76,655520000,1.03
GOOG,2017-07-01,46.66,50.31,45.77,47.28,838370000,1.7
GOOG,2017-06-01,49.55,50.43,46.48,46.48,881700000,-5.82
GOOG,2017-05-01,46.21,49.98,46.04,49.35,707400000,6.77
GOOG,2017-04-01,42.44,46.79,41.73,46.23,574430000,9.05
GOOG,2017-03-01,42.57,43.72,41.22,42.39,691060000,0.34
GOOG,2017-02-01,41.2,42.69,40.6,42.25,529840000,3.02
GOOG,2017-01-01,40.03,43.35,39.84,41.01,736810000,3.5
GOOG,2016-12-01,38.93,41.22,37.67,39.62,687130000,2.14
GOOG,2016-11-01,40.54,40.8,37.18,38.79,967070000,-4.2
GOOG,2016-10-01,40.13,41.95,39.81,40.49,707830000,0.73
GOOG,2016-09-01,39.6,40.95,39.17,40.2,631540000,1.8
GOOG,2016-08-01,39.33,40.69,39.25,39.49,577140000,-0.19
GOOG,2016-07-01,35.26,40.2,34.95,39.57,653350000,12.48
GOOG,2016-06-01,37.42,37.57,33.63,35.18,839580000,-6.05
GOOG,2016-05-01,35.6,37.67,35.2,37.44,682160000,5.79
GOOG,2016-04-01,37.86,39.55,35.16,35.39,933240000,-7.21
GOOG,2016-03-01,36.06,38.87,35.2,38.15,853390000,6.37
GOOG,2016-02-01,38.56,40.52,34.1,35.86,1350000000,-5.8
GOOG,2016-01-01,38.11,38.46,34.39,38.07,1040000000,-2.14
GOOG,2015-12-01,38.35,39.93,36.81,38.9,873010000,1.99
GOOG,2015-11-01,36.89,39.15,36.57,38.14,751550000,3.45
GOOG,2015-10-01,31.9,37.63,31.56,36.87,1010000000,15.51
GOOG,2015-09-01,31.69,34.1,30.89,31.92,871530000,-1.46
GOOG,2015-08-01,32.88,35.2,29.65,32.39,1110000000,-1.47
GOOG,2015-07-01,27.18,35.67,26.99,32.88,1370000000,21.75
GOOG,2015-06-01,27.44,28.28,26.94,27.0,704360000,-0.97
GOOG,2015-05-01,27.53,27.91,26.61,27.27,648440000,-0.63
GOOG,2015-04-01,27.74,29.24,26.45,27.44,874930000,-1.07
GOOG,2015-03-01,28.35,29.16,27.52,27.74,864150000,-1.41
GOOG,2015-02-01,26.72,28.47,26.09,28.13,808410000,4.67
GOOG,2015-01-01,26.63,27.27,24.55,26.88,1060000000,1.3
GOOG,2014-12-01,27.25,27.44,24.86,26.53,1090000000,-3.35
GOOG,2014-11-01,28.18,28.36,26.96,27.45,595510000,-3.31
GOOG,2014-10-01,29.34,29.62,25.92,28.39,1110000000,-3.49
GOOG,2014-09-01,29.15,30.27,28.85,29.42,709290000,1.04
GOOG,2014-08-01,28.93,29.89,28.37,29.12,582360000,0.48
GOOG,2014-07-01,29.38,30.45,28.61,28.98,772290000,-0.88
GOOG,2014-06-01,28.49,29.48,27.37,29.23,790260000,2.28
GOOG,2014-05-01,26.71,28.88,25.55,28.58,829360000,6.87
GOOG,2014-04-01,28.03,29.42,25.55,26.74,1340000000,-4.11
GOOG,2014-03-01,30.2,30.7,27.58,27.89,874060000,-8.32
GOOG,2014-02-01,29.51,30.75,28.23,30.42,812860000,2.94
GOOG,2014-01-01,27.91,29.69,27.08,29.55,1090000000,5.38
GOOG,2013-12-01,26.61,28.05,26.25,28.04,677560000,5.77
GOOG,2013-11-01,25.82,26.73,25.15,26.52,525530000,2.81
GOOG,2013-10-01,22.03,26.06,21.09,25.79,1110000000,17.66
GOOG,2013-09-01,21.38,22.67,21.37,21.92,662940000,3.43
GOOG,2013-08-01,22.4,22.76,21.16,21.19,670190000,-4.6
GOOG,2013-07-01,22.18,23.22,21.91,22.22,1030000000,0.84
GOOG,2013-06-01,21.85,22.79,21.2,22.03,972010000,1.05
GOOG,2013-05-01,20.6,23.04,20.43,21.8,989060000,5.66
GOOG,2013-04-01,19.89,20.71,19.05,20.63,1070000000,3.83
GOOG,2013-03-01,19.96,21.12,19.85,19.87,851200000,-0.88
GOOG,2013-02-01,18.97,20.24,18.97,20.05,927250000,6.02
GOOG,2013-01-01,18.0,19.04,17.4,18.91,1050000000,6.83
GOOG,2012-12-01,17.57,18.47,17.07,17.7,834170000,1.29
GOOG,2012-11-01,17.0,17.5,15.92,17.48,933830000,2.66
GOOG,2012-10-01,18.99,19.38,16.76,17.02,1440000000,-9.83
GOOG,2012-09-01,17.13,19.14,16.85,18.88,1200000000,10.13
GOOG,2012-08-01,15.95,17.24,15.6,17.14,941440000,8.23
GOOG,2012-07-01,14.56,16.08,14.07,15.84,1030000000,9.12
GOOG,2012-06-01,14.31,14.71,13.93,14.52,930380000,-0.17
GOOG,2012-05-01,15.11,15.96,14.49,14.54,1170000000,-3.96
GOOG,2012-04-01,16.03,16.34,14.77,15.14,1180000000,-5.67
GOOG,2012-03-01,15.57,16.48,14.86,16.05,946810000,3.75
GOOG,2012-02-01,14.64,15.66,14.49,15.47,947450000,6.54
GOOG,2012-01-01,16.34,16.77,14.13,14.52,1470000000,-10.15
GOOG,2011-12-01,15.01,16.18,14.99,16.16,1100000000,7.73
GOOG,2011-11-01,14.52,15.47,14.05,15.0,1210000000,1.15
GOOG,2011-10-01,12.76,15.08,12.03,14.83,1540000000,15.05
GOOG,2011-09-01,13.53,13.98,12.77,12.89,1170000000,-4.8
GOOG,2011-08-01,15.3,15.4,12.28,13.54,2140000000,-10.39
GOOG,2011-07-01,12.68,15.7,12.67,15.11,1620000000,19.26
GOOG,2011-06-01,13.21,13.34,11.84,12.67,1180000000,-4.31
GOOG,2011-05-01,13.66,13.66,12.85,13.24,905420000,-2.79
GOOG,2011-04-01,14.73,14.89,12.99,13.62,1410000000,-7.22
GOOG,2011-03-01,15.46,15.5,13.8,14.68,1200000000,-4.36
GOOG,2011-02-01,15.13,15.79,15.05,15.35,838070000,2.2
GOOG,2011-01-01,14.93,16.09,14.9,15.02,1200000000,1.08
GOOG,2010-12-01,14.09,15.19,14.07,14.86,846300000,6.83
GOOG,2010-11-01,15.41,15.79,13.85,13.91,1170000000,-9.44
GOOG,2010-10-01,13.26,15.63,12.98,15.36,1590000000,16.72
GOOG,2010-09-01,11.39,13.43,11.32,13.16,1200000000,16.87
GOOG,2010-08-01,12.24,12.73,11.2,11.26,1060000000,-7.17
GOOG,2010-07-01,11.14,12.45,10.85,12.13,1390000000,8.98
GOOG,2010-06-01,12.02,12.74,11.13,11.13,1200000000,-8.4
GOOG,2010-05-01,13.18,13.34,11.51,12.15,1630000000,-7.67
GOOG,2010-04-01,14.3,14.96,13.04,13.16,1460000000,-7.26
GOOG,2010-03-01,13.24,14.72,13.21,14.19,1680000000,7.66
GOOG,2010-02-01,13.38,13.7,13.01,13.18,1040000000,-0.6
GOOG,2010-01-01,15.69,15.75,13.15,13.26,1780000000,-14.51
GOOG,2009-12-01,14.72,15.66,14.49,15.51,852910000,6.31
GOOG,2009-11-01,13.44,14.69,13.22,14.59,818530000,8.72
GOOG,2009-10-01,12.34,14.05,12.08,13.42,1540000000,8.14
GOOG,2009-09-01,11.5,12.69,11.33,12.41,1020000000,7.45
GOOG,2009-08-01,11.23,11.87,10.97,11.55,975480000,4.15
GOOG,2009-07-01,10.62,11.33,9.91,11.09,1460000000,5.12
GOOG,2009-06-01,10.48,11.19,10.06,10.55,1410000000,1.05
GOOG,2009-05-01,9.89,10.44,9.63,10.44,1140000000,5.35
GOOG,2009-04-01,8.6,10.1,8.52,9.91,1760000000,13.78
GOOG,2009-03-01,8.34,8.99,7.24,8.71,2290000000,2.96
GOOG,2009-02-01,8.37,9.53,8.25,8.46,2230000000,-0.12
GOOG,2009-01-01,7.72,8.82,7.08,8.47,2200000000,10.0
GOOG,2008-12-01,7.17,8.25,6.57,7.7,2260000000,5.05
GOOG,2008-11-01,8.95,9.32,6.19,7.33,3160000000,-18.46
GOOG,2008-10-01,10.29,10.43,7.74,8.99,3990000000,-10.28
GOOG,2008-09-01,11.93,12.07,9.53,10.02,2800000000,-13.55
GOOG,2008-08-01,11.82,12.78,11.56,11.59,1380000000,-2.28
GOOG,2008-07-01,13.0,13.91,11.65,11.86,2080000000,-9.95
GOOG,2008-06-01,14.58,14.72,12.89,13.17,1880000000,-10.16
GOOG,2008-05-01,14.47,15.08,13.46,14.66,2089999999,2.02
GOOG,2008-04-01,11.2,14.64,11.04,14.37,2860000000,30.4
GOOG,2008-03-01,11.8,11.83,10.31,11.02,2910000000,-6.53
GOOG,2008-02-01,13.24,13.54,11.18,11.79,3540000000,-16.5
GOOG,2008-01-01,17.34,17.45,12.99,14.12,3160000000,-18.38
GOOG,2007-12-01,17.29,18.14,16.33,17.3,1710000000,-0.23
GOOG,2007-11-01,17.59,18.7,15.42,17.34,3430000000,-1.98
GOOG,2007-10-01,14.26,17.69,14.25,17.69,3110000000,24.58
GOOG,2007-09-01,12.89,14.31,12.78,14.2,1390000000,10.16
GOOG,2007-08-01,12.77,13.18,12.02,12.89,1770000000,1.02
GOOG,2007-07-01,13.15,13.98,12.48,12.76,2340000000,-2.45
GOOG,2007-06-01,12.54,13.39,12.45,13.08,2590000000,4.98
GOOG,2007-05-01,11.82,12.73,11.45,12.46,2000000000,5.59
GOOG,2007-04-01,11.46,12.32,11.31,11.8,1870000000,2.88
GOOG,2007-03-01,11.08,11.66,10.94,11.47,2370000000,1.96
GOOG,2007-02-01,12.66,12.66,11.09,11.25,2280000000,-10.36
GOOG,2007-01-01,11.65,12.84,11.54,12.55,2500000000,8.94
GOOG,2006-12-01,12.16,12.32,11.32,11.52,1840000000,-5.03
GOOG,2006-11-01,11.98,12.84,11.64,12.13,2370000000,1.76
GOOG,2006-10-01,10.06,12.31,9.96,11.92,3180000000,18.49
GOOG,2006-09-01,9.53,10.48,9.43,10.06,2430000000,6.23
GOOG,2006-08-01,9.64,9.76,9.09,9.47,2140000000,-2.07
GOOG,2006-07-01,10.51,10.71,9.45,9.67,2550000000,-7.82
GOOG,2006-06-01,9.35,10.49,9.3,10.49,2850000000,12.8
GOOG,2006-05-01,10.47,10.5,9.02,9.3,3500000000,-11.09
GOOG,2006-04-01,9.75,11.28,9.71,10.46,3710000000,7.17
GOOG,2006-03-01,9.22,9.98,8.3,9.76,6150000000,7.61
GOOG,2006-02-01,9.74,10.17,8.45,9.07,5950000000,-16.25
GOOG,2006-01-01,10.57,11.89,9.88,10.83,5990000000,4.34
GOOG,2005-12-01,10.24,11.17,9.98,10.38,3970000000,2.47
GOOG,2005-11-01,9.31,10.79,9.23,10.13,4240000000,8.81
GOOG,2005-10-01,7.85,9.38,7.27,9.31,3880000000,17.55
GOOG,2005-09-01,7.15,8.03,7.13,7.92,3410000000,10.61
GOOG,2005-08-01,7.21,7.5,6.84,7.16,2870000000,-0.56
GOOG,2005-07-01,7.38,7.95,7.18,7.2,4139999999,-2.17
GOOG,2005-06-01,7.09,7.74,6.69,7.36,7840000000,6.05
GOOG,2005-05-01,5.56,6.97,5.51,6.94,5090000000,25.95
GOOG,2005-04-01,4.55,5.62,4.5,5.51,4560000000,21.9
GOOG,2005-03-01,4.74,4.75,4.32,4.52,3450000000,-3.83
GOOG,2005-02-01,4.86,5.43,4.53,4.7,6530000000,-4.08
GOOG,2005-01-01,4.94,5.14,4.41,4.9,4110000000,1.66
MSFT,2024-12-01,421.57,456.16,420.66,421.5,439910000,-0.46
MSFT,2024-11-01,409.01,429.33,405.57,423.46,442320000,4.21
MSFT,2024-10-01,428.45,438.5,406.3,406.35,440770000,-5.57
MSFT,2024-09-01,417.91,441.85,400.8,430.3,376970000,3.15
MSFT,2024-08-01,420.79,427.46,385.58,417.14,451920000,-0.29
MSFT,2024-07-01,448.66,468.35,412.21,418.35,440450000,-6.4
MSFT,2024-06-01,415.52,456.17,408.92,446.95,342370000,7.67
MSFT,2024-05-01,392.61,433.6,390.31,415.13,413810000,6.63
MSFT,2024-04-01,423.95,429.37,388.03,389.33,441100000,-7.46
MSFT,2024-03-01,411.27,430.82,398.39,420.72,426450000,1.71
MSFT,2024-02-01,401.83,420.82,397.22,413.64,444200000,4.04
MSFT,2024-01-01,373.86,415.32,366.5,397.58,528490000,5.73
MSFT,2023-12-01,376.76,378.16,362.9,376.04,522080000,-0.76
MSFT,2023-11-01,339.79,384.3,339.65,378.91,564170000,12.07
MSFT,2023-10-01,316.28,346.2,311.21,338.11,540960000,7.08
MSFT,2023-09-01,331.31,340.86,309.45,315.75,416770000,-3.66
MSFT,2023-08-01,335.19,338.54,311.55,327.76,479670000,-2.43
MSFT,2023-07-01,339.19,366.78,327.0,335.92,666960000,-1.36
MSFT,2023-06-01,325.93,351.47,322.5,340.54,547750000,3.7
MSFT,2023-05-01,306.97,335.94,303.4,328.39,600860000,6.88
MSFT,2023-04-01,286.52,308.93,275.37,307.26,551520000,6.58
MSFT,2023-03-01,250.76,289.27,245.61,288.3,747750000,15.59
MSFT,2023-02-01,248.0,276.76,245.47,249.42,615540000,0.65
MSFT,2023-01-01,243.08,249.83,219.35,247.81,666170000,3.33
MSFT,2022-12-01,253.87,263.92,233.87,239.82,591370000,-6.0
MSFT,2022-11-01,234.6,255.33,213.43,255.14,615330000,9.91
MSFT,2022-10-01,235.41,251.04,219.13,232.13,671370000,-0.33
MSFT,2022-09-01,258.87,267.45,232.73,232.9,575600000,-10.93
MSFT,2022-08-01,277.82,294.18,260.66,261.47,477180000,-6.86
MSFT,2022-07-01,256.39,282.0,245.94,280.74,534990000,9.31
MSFT,2022-06-01,275.19,277.69,241.51,256.83,621500000,-5.53
MSFT,2022-05-01,277.71,290.88,246.44,271.87,742900000,-2.04
MSFT,2022-04-01,309.37,315.11,270.0,277.52,627390000,-9.99
MSFT,2022-03-01,296.4,315.95,270.0,308.31,734350000,3.19
MSFT,2022-02-01,310.41,315.12,271.52,298.79,697370000,-3.92
MSFT,2022-01-01,335.35,338.0,276.05,310.98,947990000,-7.53
MSFT,2021-12-01,335.13,344.3,317.25,336.32,625970000,1.73
MSFT,2021-11-01,331.36,349.67,326.37,330.59,509890000,-0.31
MSFT,2021-10-01,282.12,332.0,280.25,331.62,516520000,17.63
MSFT,2021-09-01,302.87,305.32,281.62,281.92,502930000,-6.61
MSFT,2021-08-01,286.36,305.84,283.74,301.88,441330000,5.96
MSFT,2021-07-01,269.61,290.15,269.6,284.91,522690000,5.17
MSFT,2021-06-01,251.23,271.65,243.0,270.9,508570000,8.5
MSFT,2021-05-01,253.4,254.35,238.07,249.68,495090000,-0.99
MSFT,2021-04-01,238.47,263.19,238.05,252.18,568700000,6.96
MSFT,2021-03-01,235.9,241.05,224.26,235.77,724980000,1.46
MSFT,2021-02-01,235.06,246.13,227.88,232.38,490980000,0.18
MSFT,2021-01-01,222.53,242.64,211.94,231.96,648000000,4.29
MSFT,2020-12-01,214.51,227.18,209.11,222.42,594570000,3.9
MSFT,2020-11-01,204.29,228.12,200.12,214.07,573470000,5.73
MSFT,2020-10-01,213.49,225.21,199.62,202.47,631670000,-3.74
MSFT,2020-09-01,225.51,232.86,196.25,210.33,768530000,-6.74
MSFT,2020-08-01,211.52,231.15,203.14,225.53,692500000,10.01
MSFT,2020-07-01,203.14,216.38,197.51,205.01,770510000,0.74
MSFT,2020-06-01,182.54,204.4,181.35,203.51,765010000,11.06
MSFT,2020-05-01,175.8,187.51,173.8,183.25,688960000,2.25
MSFT,2020-04-01,153.0,180.4,150.36,179.21,984810000,13.63
MSFT,2020-03-01,165.31,175.0,132.52,157.71,1610000000,-2.65
MSFT,2020-02-01,170.43,190.7,152.0,162.01,887890000,-4.83
MSFT,2020-01-01,158.78,174.05,156.51,170.23,559250000,7.95
MSFT,2019-12-01,151.81,159.55,146.65,157.7,452660000,4.17
MSFT,2019-11-01,144.26,152.5,142.97,151.38,393030000,5.59
MSFT,2019-10-01,139.66,145.67,133.22,143.37,563290000,3.12
MSFT,2019-09-01,136.61,142.37,134.51,139.03,477650000,0.85
MSFT,2019-08-01,137.0,140.94,130.78,137.86,585580000,1.17
MSFT,2019-07-01,136.63,141.68,134.67,136.27,484550000,1.72
MSFT,2019-06-01,123.85,138.4,119.01,133.96,508320000,8.31
MSFT,2019-05-01,130.53,130.65,123.04,123.68,547220000,-5.3
MSFT,2019-04-01,118.95,131.37,118.1,130.6,433160000,10.73
MSFT,2019-03-01,112.89,120.82,108.8,117.94,589050000,5.28
MSFT,2019-02-01,103.78,113.24,102.35,112.03,469100000,7.28
MSFT,2019-01-01,99.55,107.9,97.2,104.43,714200000,2.82
MSFT,2018-12-01,113.0,113.42,93.96,101.57,944290000,-8.4
MSFT,2018-11-01,107.05,112.24,99.35,110.89,720230000,3.82
MSFT,2018-10-01,114.75,116.18,100.11,106.81,927550000,-6.61
MSFT,2018-09-01,110.85,115.29,107.23,114.37,480260000,1.82
MSFT,2018-08-01,106.03,112.78,104.84,112.33,456630000,5.89
MSFT,2018-07-01,98.1,111.15,98.0,106.08,569500000,7.58
MSFT,2018-06-01,99.28,102.69,97.26,98.61,602590000,-0.23
MSFT,2018-05-01,93.21,99.99,92.45,98.84,509420000,5.69
MSFT,2018-04-01,90.47,97.9,87.51,93.52,668260000,2.47
MSFT,2018-03-01,93.99,97.24,87.08,91.27,750750000,-2.67
MSFT,2018-02-01,94.79,96.07,83.83,93.77,725660000,-1.31
MSFT,2018-01-01,86.12,95.45,85.5,95.01,574260000,11.07
MSFT,2017-12-01,83.6,87.5,80.7,85.54,466200000,1.63
MSFT,2017-11-01,83.68,85.06,82.24,84.17,421930000,1.19
MSFT,2017-10-01,74.71,86.2,73.71,83.18,449950000,11.67
MSFT,2017-09-01,74.71,75.97,72.92,74.49,376670000,-0.37
MSFT,2017-08-01,73.1,74.96,71.28,74.77,442760000,2.85
MSFT,2017-07-01,69.33,74.42,68.02,72.7,469850000,5.47
MSFT,2017-06-01,70.24,72.89,68.09,68.93,629720000,-1.3
MSFT,2017-05-01,68.68,70.74,67.14,69.84,517289999,2.02
MSFT,2017-04-01,65.81,69.14,64.85,68.46,433190000,3.95
MSFT,2017-03-01,64.13,66.19,63.62,65.86,489170000,2.94
MSFT,2017-02-01,64.36,65.24,62.75,63.98,440740000,-1.04
MSFT,2017-01-01,62.79,65.91,61.95,64.65,494440000,4.04
MSFT,2016-12-01,60.11,64.1,58.8,62.14,513580000,3.12
MSFT,2016-11-01,59.97,61.41,57.28,60.26,613060000,0.57
MSFT,2016-10-01,57.41,61.37,56.31,59.92,614840000,4.03
MSFT,2016-09-01,57.01,58.19,55.61,57.6,526860000,0.24
MSFT,2016-08-01,56.6,58.7,56.14,57.46,467080000,1.38
MSFT,2016-07-01,51.13,57.29,50.39,56.68,647590000,10.77
MSFT,2016-06-01,52.44,52.95,48.03,51.17,823990000,-3.45
MSFT,2016-05-01,50.0,53.0,49.46,53.0,530870000,6.28
MSFT,2016-04-01,55.05,56.77,49.35,49.87,699030000,-9.7
MSFT,2016-03-01,50.97,55.64,50.58,55.23,641130000,8.55
MSFT,2016-02-01,54.88,55.09,48.19,50.88,814770000,-7.64
MSFT,2016-01-01,54.32,55.39,49.1,55.09,927910000,-0.7
MSFT,2015-12-01,54.41,56.85,53.68,55.48,793070000,2.08
MSFT,2015-11-01,52.85,54.98,52.53,54.35,662630000,3.25
MSFT,2015-10-01,44.75,54.37,43.75,52.64,857330000,18.93
MSFT,2015-09-01,42.17,45.0,41.66,44.26,673080000,1.7
MSFT,2015-08-01,46.98,48.41,39.72,43.52,776500000,-6.81
MSFT,2015-07-01,44.46,47.4,43.32,46.7,725460000,5.78
MSFT,2015-06-01,47.06,47.77,43.94,44.15,664850000,-5.78
MSFT,2015-05-01,48.58,48.91,46.02,46.86,633070000,-3.66
MSFT,2015-04-01,40.6,49.54,40.12,48.64,874540000,19.63
MSFT,2015-03-01,43.67,44.19,40.54,40.66,824340000,-7.27
MSFT,2015-02-01,40.59,44.3,40.23,43.85,656510000,8.54
MSFT,2015-01-01,46.66,47.91,40.35,40.4,918970000,-13.02
MSFT,2014-12-01,47.88,49.06,44.9,46.45,626810000,-2.84
MSFT,2014-11-01,46.89,50.05,46.73,47.81,523010000,1.83
MSFT,2014-10-01,46.27,46.97,42.1,46.95,853300000,1.27
MSFT,2014-09-01,45.43,47.57,44.53,46.36,860840000,2.05
MSFT,2014-08-01,43.21,45.47,42.21,45.43,513929999,5.26
MSFT,2014-07-01,41.86,45.71,41.05,43.16,731660000,3.5
MSFT,2014-06-01,40.95,42.29,39.86,41.7,555810000,1.86
MSFT,2014-05-01,40.24,40.97,38.51,40.94,574400000,1.34
MSFT,2014-04-01,41.15,41.66,38.9,40.4,746150000,-1.44
MSFT,2014-03-01,37.92,41.5,37.49,40.99,778550000,7.0
MSFT,2014-02-01,37.74,38.46,35.69,38.31,718230000,1.24
MSFT,2014-01-01,37.35,37.89,34.63,37.84,932090000,1.15
MSFT,2013-12-01,38.09,38.98,35.53,37.41,826640000,-1.89
MSFT,2013-11-01,35.67,38.29,35.39,38.13,800460000,7.68
MSFT,2013-10-01,33.35,36.29,32.8,35.41,965360000,6.4
MSFT,2013-09-01,31.75,33.75,30.95,33.28,1250000000,-0.36
MSFT,2013-08-01,32.06,35.2,30.84,33.4,1050000000,4.9
MSFT,2013-07-01,34.75,36.43,31.02,31.84,1110000000,-7.84
MSFT,2013-06-01,34.92,35.78,32.57,34.55,945220000,-1.0
MSFT,2013-05-01,32.93,35.28,32.32,34.9,1070000000,5.44
MSFT,2013-04-01,28.64,33.11,28.11,33.1,1470000000,15.69
MSFT,2013-03-01,27.72,28.66,27.52,28.61,845030000,2.91
MSFT,2013-02-01,27.67,28.2,27.1,27.8,780650000,1.28
MSFT,2013-01-01,27.25,28.23,26.28,27.45,1150000000,2.77
MSFT,2012-12-01,26.78,27.73,26.26,26.71,947410000,0.38
MSFT,2012-11-01,28.84,30.2,26.34,26.61,1310000000,-6.76
MSFT,2012-10-01,29.81,30.25,27.76,28.54,1110000000,-4.1
MSFT,2012-09-01,30.45,31.61,29.74,29.76,893170000,-3.44
MSFT,2012-08-01,29.59,30.96,28.97,30.82,671800000,4.58
MSFT,2012-07-01,30.62,31.05,28.54,29.47,846660000,-3.66
MSFT,2012-06-01,28.76,31.14,28.32,30.59,973170000,4.8
MSFT,2012-05-01,32.05,32.34,28.64,29.19,1010000000,-8.84
MSFT,2012-04-01,32.22,32.89,30.23,32.02,940740000,-0.74
MSFT,2012-03-01,31.93,32.95,31.49,32.26,942420000,1.64
MSFT,2012-02-01,29.79,32.0,29.71,31.74,984400000,7.48
MSFT,2012-01-01,26.55,29.95,26.39,29.53,1350000000,13.75
MSFT,2011-12-01,25.56,26.19,25.16,25.96,1010000000,1.49
MSFT,2011-11-01,26.19,27.2,24.3,25.58,1050000000,-3.94
MSFT,2011-10-01,24.72,27.5,24.26,26.63,1220000000,6.99
MSFT,2011-09-01,26.46,27.5,24.6,24.89,1280000000,-6.43
MSFT,2011-08-01,27.51,27.68,23.79,26.6,1720000000,-2.92
MSFT,2011-07-01,25.93,28.14,25.84,27.4,1260000000,5.38
MSFT,2011-06-01,24.99,26.0,23.65,26.0,1300000000,3.96
MSFT,2011-05-01,25.94,26.25,24.03,25.01,1360000000,-3.51
MSFT,2011-04-01,25.53,26.87,24.72,25.92,1310000000,2.09
MSFT,2011-03-01,26.6,26.78,24.68,25.39,1310000000,-4.48
MSFT,2011-02-01,27.8,28.34,26.43,26.58,1110000000,-4.15
MSFT,2011-01-01,28.05,29.46,27.42,27.73,1360000000,-0.64
MSFT,2010-12-01,25.57,28.4,25.56,27.91,1030000000,10.49
MSFT,2010-11-01,26.88,27.49,24.93,25.26,1360000000,-5.25
MSFT,2010-10-01,24.77,27.2,23.78,26.66,1280000000,8.86
MSFT,2010-09-01,23.67,25.53,23.54,24.49,1270000000,4.39
MSFT,2010-08-01,25.99,26.38,23.32,23.46,1280000000,-9.1
MSFT,2010-07-01,23.09,26.41,22.73,25.81,1410000000,12.17
MSFT,2010-06-01,25.53,26.93,22.95,23.01,1670000000,-10.81
MSFT,2010-05-01,30.67,31.06,24.56,25.8,1720000000,-15.52
MSFT,2010-04-01,29.35,31.58,28.62,30.54,1320000000,4.27
MSFT,2010-03-01,28.77,30.57,28.24,29.29,1110000000,2.16
MSFT,2010-02-01,28.39,29.03,27.57,28.67,1070000000,1.74
MSFT,2010-01-01,30.62,31.24,27.66,28.18,1360000000,-7.55
MSFT,2009-12-01,29.52,31.5,29.25,30.48,920650000,3.64
MSFT,2009-11-01,27.7,30.14,27.41,29.41,1020000000,6.06
MSFT,2009-10-01,25.41,29.35,24.43,27.73,1520000000,7.81
MSFT,2009-09-01,24.35,26.25,23.76,25.72,1040000000,4.34
MSFT,2009-08-01,23.82,25.49,23.03,24.65,993310000,4.8
MSFT,2009-07-01,24.05,25.72,22.0,23.52,1520000000,-1.05
MSFT,2009-06-01,21.0,24.34,20.86,23.77,1410000000,13.79
MSFT,2009-05-01,20.19,20.94,19.01,20.89,1100000000,3.11
MSFT,2009-04-01,18.23,21.2,18.18,20.26,1560000000,10.29
MSFT,2009-03-01,15.96,18.88,14.87,18.37,1630000000,13.75
MSFT,2009-02-01,17.03,19.93,16.1,16.15,1460000000,-5.56
MSFT,2009-01-01,19.53,21.0,16.75,17.1,1570000000,-12.04
MSFT,2008-12-01,19.88,21.25,18.47,19.44,1550000000,-3.86
MSFT,2008-11-01,22.48,23.66,17.5,20.22,1800000000,-9.45
MSFT,2008-10-01,26.38,27.47,20.65,22.33,3050000000,-16.34
MSFT,2008-09-01,27.66,27.76,23.5,26.69,1930000000,-2.2
MSFT,2008-08-01,25.92,28.5,25.07,27.29,1210000000,6.1
MSFT,2008-07-01,27.27,27.91,24.87,25.72,1640000000,-6.51
MSFT,2008-06-01,28.24,29.57,27.11,27.51,1570000000,-2.86
MSFT,2008-05-01,28.5,30.53,27.95,28.32,1410000000,-0.7
MSFT,2008-04-01,28.83,32.1,27.93,28.52,1450000000,0.49
MSFT,2008-03-01,27.24,29.59,26.87,28.38,1450000000,4.34
MSFT,2008-02-01,31.05,33.25,27.02,27.2,2320000000,-16.56
MSFT,2008-01-01,35.79,35.96,31.04,32.6,1950000000,-8.43
MSFT,2007-12-01,33.5,36.72,32.63,35.6,1070000000,5.95
MSFT,2007-11-01,36.53,37.5,32.68,33.6,1830000000,-8.72
MSFT,2007-10-01,29.46,37.0,29.29,36.81,1770000000,24.95
MSFT,2007-09-01,28.5,29.85,28.27,29.46,1120000000,2.54
MSFT,2007-08-01,28.95,30.1,27.51,28.73,1230000000,-0.9
MSFT,2007-07-01,29.67,31.84,28.95,28.99,1300000000,-1.63
MSFT,2007-06-01,30.79,30.9,29.04,29.47,1190000000,-3.98
MSFT,2007-05-01,29.94,31.16,29.9,30.69,1330000000,2.51
MSFT,2007-04-01,27.89,30.74,27.56,29.94,966270000,7.43
MSFT,2007-03-01,27.82,28.55,26.6,27.87,1280000000,-1.06
MSFT,2007-02-01,30.84,30.94,27.79,28.17,1290000000,-8.72
MSFT,2007-01-01,29.91,31.48,29.4,30.86,1330000000,3.35
MSFT,2006-12-01,29.23,30.26,28.8,29.86,1140000000,1.7
MSFT,2006-11-01,28.78,30.0,28.58,29.36,1240000000,2.26
MSFT,2006-10-01,27.32,28.85,27.15,28.71,1290000000,4.97
MSFT,2006-09-01,25.89,27.52,25.39,27.35,1100000000,6.42
MSFT,2006-08-01,24.02,26.25,23.85,25.7,1130000000,6.82
MSFT,2006-07-01,23.53,24.6,22.23,24.06,1330000000,3.26
MSFT,2006-06-01,22.74,23.65,21.46,23.3,1980000000,2.87
MSFT,2006-05-01,24.32,25.0,22.45,22.65,2320000000,-6.21
MSFT,2006-04-01,27.67,27.94,24.0,24.15,1450000000,-11.25
MSFT,2006-03-01,26.98,28.22,26.62,27.21,1440000000,1.27
MSFT,2006-02-01,27.96,28.07,26.34,26.87,1050000000,-4.55
MSFT,2006-01-01,26.25,28.38,26.1,28.15,1390000000,7.65
MSFT,2005-12-01,27.73,28.1,26.1,26.15,1270000000,-5.53
MSFT,2005-11-01,25.61,28.25,25.61,27.68,1450000000,7.7
MSFT,2005-10-01,25.71,25.8,24.25,25.7,1450000000,-0.12
MSFT,2005-09-01,27.38,27.39,25.12,25.73,1350000000,-6.03
MSFT,2005-08-01,25.81,27.94,25.76,27.38,1450000000,6.91
MSFT,2005-07-01,24.85,26.48,24.5,25.61,1330000000,3.1
MSFT,2005-06-01,25.73,26.0,24.82,24.84,1320000000,-3.72
MSFT,2005-05-01,25.23,26.09,24.64,25.8,1270000000,1.98
MSFT,2005-04-01,24.24,25.45,23.94,25.3,1530000000,4.68
MSFT,2005-03-01,25.19,25.79,23.82,24.17,1570000000,-3.93
MSFT,2005-02-01,26.25,26.5,25.13,25.16,1370000000,-4.26
MSFT,2005-01-01,26.8,27.1,25.64,26.28,1530000000,-1.65
AAPL,2024-12-01,237.27,260.1,237.16,250.42,977940000,5.52
AAPL,2024-11-01,220.97,237.81,219.71,237.33,891640000,5.06
AAPL,2024-10-01,229.52,237.49,221.33,225.91,930840000,-3.04
AAPL,2024-09-01,228.55,233.09,213.92,233.0,1230000000,1.75
AAPL,2024-08-01,224.37,232.92,196.0,229.0,1120000000,3.12
AAPL,2024-07-01,212.09,237.23,211.92,222.08,1150000000,5.44
AAPL,2024-06-01,192.9,220.2,192.15,210.62,1720000000,9.56
AAPL,2024-05-01,169.58,193.0,169.11,192.25,1340000000,12.87
AAPL,2024-04-01,171.19,178.36,164.07,170.33,1250000000,-0.67
AAPL,2024-03-01,179.55,180.53,168.49,171.48,1430000000,-5.13
AAPL,2024-02-01,183.99,191.05,179.25,180.75,1160000000,-1.98
AAPL,2024-01-01,187.15,196.38,180.17,184.4,1190000000,-4.22
AAPL,2023-12-01,190.33,199.62,187.45,192.53,1060000000,1.36
AAPL,2023-11-01,171.0,192.93,170.12,189.95,1100000000,11.23
AAPL,2023-10-01,171.22,182.34,165.67,170.77,1170000000,-0.26
AAPL,2023-09-01,189.49,189.98,167.62,171.21,1340000000,-8.87
AAPL,2023-08-01,196.24,196.73,171.96,187.87,1320000000,-4.37
AAPL,2023-07-01,193.78,198.23,186.6,196.45,996370000,1.28
AAPL,2023-06-01,177.7,194.48,176.93,193.97,1300000000,9.43
AAPL,2023-05-01,169.28,179.35,164.31,177.25,1280000000,4.46
AAPL,2023-04-01,164.27,169.85,159.78,169.68,969780000,2.9
AAPL,2023-03-01,146.83,165.0,143.9,164.9,1520000000,11.86
AAPL,2023-02-01,143.97,157.38,141.32,147.41,1310000000,2.16
AAPL,2023-01-01,130.28,147.23,124.17,144.29,1440000000,11.05
AAPL,2022-12-01,148.21,150.92,125.87,129.93,1680000000,-12.23
AAPL,2022-11-01,155.08,155.45,134.38,148.03,1720000000,-3.46
AAPL,2022-10-01,138.21,157.5,134.37,153.34,1870000000,10.96
AAPL,2022-09-01,156.64,164.26,138.0,138.2,2080000000,-12.1
AAPL,2022-08-01,161.01,176.15,157.14,157.22,1510000000,-3.26
AAPL,2022-07-01,136.04,163.63,135.66,162.51,1450000000,18.86
AAPL,2022-06-01,149.9,151.74,129.04,136.72,1750000000,-8.14
AAPL,2022-05-01,156.71,166.48,132.61,148.84,2400000000,-5.59
AAPL,2022-04-01,174.03,178.49,155.38,157.65,1690000000,-9.71
AAPL,2022-03-01,164.69,179.61,150.1,174.61,2180000000,5.75
AAPL,2022-02-01,174.01,176.65,152.0,165.12,1630000000,-5.53
AAPL,2022-01-01,177.83,182.94,154.7,174.78,2109999999,-1.57
AAPL,2021-12-01,167.48,182.13,157.8,177.57,2450000000,7.42
AAPL,2021-11-01,148.99,165.7,147.48,165.3,1690000000,10.35
AAPL,2021-10-01,141.9,153.16,138.27,149.8,1570000000,5.87
AAPL,2021-09-01,152.83,157.26,141.27,141.5,1800000000,-6.8
AAPL,2021-08-01,146.36,153.49,144.5,151.83,1460000000,4.09
AAPL,2021-07-01,136.6,150.0,135.76,145.86,1920000000,6.5
AAPL,2021-06-01,125.08,137.41,123.13,136.96,1610000000,9.91
AAPL,2021-05-01,132.04,134.07,122.25,124.61,1710000000,-5.21
AAPL,2021-04-01,123.66,137.07,122.49,131.46,1890000000,7.62
AAPL,2021-03-01,123.75,128.72,116.21,122.15,2650000000,0.73
AAPL,2021-02-01,133.75,137.88,118.39,121.26,1830000000,-8.11
AAPL,2021-01-01,133.52,145.09,126.38,131.96,2240000000,-0.55
AAPL,2020-12-01,121.01,138.79,120.01,132.69,2320000000,11.46
AAPL,2020-11-01,109.11,121.99,107.32,119.05,2120000000,9.36
AAPL,2020-10-01,117.64,125.39,107.72,108.86,2900000000,-6.0
AAPL,2020-09-01,132.76,137.98,103.1,115.81,3890000000,-10.25
AAPL,2020-08-01,108.2,131.0,107.89,129.04,4070000000,21.44
AAPL,2020-07-01,91.28,106.42,89.14,106.26,3020000000,16.51
AAPL,2020-06-01,79.44,93.09,79.3,91.2,3240000000,14.75
AAPL,2020-05-01,71.56,81.06,71.46,79.48,2810000000,8.21
AAPL,2020-04-01,61.62,73.63,59.23,73.45,3270000000,15.54
AAPL,2020-03-01,70.57,76.0,53.15,63.57,6280000000,-6.98
AAPL,2020-02-01,76.08,81.81,64.09,68.34,3020000000,-11.68
AAPL,2020-01-01,74.06,81.96,73.19,77.38,2940000000,5.41
AAPL,2019-12-01,66.82,73.49,64.07,73.41,2400000000,9.88
AAPL,2019-11-01,62.38,67.0,62.29,66.81,1800000000,7.43
AAPL,2019-10-01,56.27,62.44,53.78,62.19,2490000000,11.07
AAPL,2019-09-01,51.61,56.6,51.05,55.99,2190000000,7.28
AAPL,2019-08-01,53.48,54.51,48.15,52.19,2730000000,-2.01
AAPL,2019-07-01,50.79,55.34,49.6,53.26,1900000000,7.64
AAPL,2019-06-01,43.9,50.39,42.57,49.48,2060000000,13.05
AAPL,2019-05-01,52.47,53.83,43.75,43.77,2960000000,-12.76
AAPL,2019-04-01,47.91,52.12,47.09,50.17,2020000000,5.64
AAPL,2019-03-01,43.57,49.42,42.38,47.49,2600000000,9.7
AAPL,2019-02-01,41.74,43.97,41.48,43.29,1890000000,4.04
AAPL,2019-01-01,38.72,42.25,35.5,41.61,3310000000,5.5
AAPL,2018-12-01,46.12,46.23,36.65,39.44,3600000000,-11.67
AAPL,2018-11-01,54.76,55.59,42.56,44.65,3850000000,-18.4
AAPL,2018-10-01,56.99,58.37,51.52,54.72,3160000000,-3.05
AAPL,2018-09-01,57.1,57.42,53.83,56.44,2720000000,-0.83
AAPL,2018-08-01,49.78,57.22,49.33,56.91,2800000000,19.63
AAPL,2018-07-01,45.95,48.99,45.85,47.57,1580000000,2.79
AAPL,2018-06-01,47.0,48.55,45.18,46.28,2109999999,-0.94
AAPL,2018-05-01,41.6,47.59,41.32,46.72,2480000000,13.1
AAPL,2018-04-01,41.97,44.73,40.16,41.31,2670000000,-1.53
AAPL,2018-03-01,44.63,45.88,41.23,41.95,2850000000,-5.79
AAPL,2018-02-01,41.79,45.15,37.56,44.53,3710000000,6.38
AAPL,2018-01-01,42.54,45.02,41.17,41.86,2640000000,-1.06
AAPL,2017-12-01,42.49,44.3,41.62,42.31,2120000000,-1.51
AAPL,2017-11-01,42.47,44.06,41.32,42.96,2400000000,1.66
AAPL,2017-10-01,38.56,42.41,38.12,42.26,2020000000,9.68
AAPL,2017-09-01,41.2,41.23,37.29,38.53,2720000000,-6.02
AAPL,2017-08-01,37.27,41.13,37.1,41.0,2640000000,10.27
AAPL,2017-07-01,36.22,38.5,35.6,37.18,1690000000,3.25
AAPL,2017-06-01,38.29,38.99,35.55,36.01,2740000000,-5.71
AAPL,2017-05-01,36.27,39.16,36.07,38.19,2620000000,6.35
AAPL,2017-04-01,35.93,36.37,35.02,35.91,1490000000,0.0
AAPL,2017-03-01,34.47,36.12,34.26,35.91,2250000000,4.85
AAPL,2017-02-01,31.76,34.37,31.75,34.25,2300000000,12.89
AAPL,2017-01-01,28.95,30.61,28.69,30.34,2250000000,4.8
AAPL,2016-12-01,27.59,29.5,27.06,28.95,2440000000,4.78
AAPL,2016-11-01,28.36,28.44,26.02,27.63,2890000000,-2.68
AAPL,2016-10-01,28.18,29.67,28.07,28.39,2750000000,0.46
AAPL,2016-09-01,26.54,29.05,25.63,28.26,3880000000,6.56
AAPL,2016-08-01,26.1,27.56,26.0,26.52,2520000000,1.8
AAPL,2016-07-01,23.87,26.14,23.59,26.05,2740000000,9.0
AAPL,2016-06-01,24.75,25.47,22.88,23.9,3120000000,-4.25
AAPL,2016-05-01,23.49,25.18,22.37,24.96,3600000000,6.53
AAPL,2016-04-01,27.2,28.1,23.13,23.43,3490000000,-14.02
AAPL,2016-03-01,24.41,27.61,24.36,27.25,2980000000,12.74
AAPL,2016-02-01,24.12,24.72,23.15,24.17,3240000000,-0.7
AAPL,2016-01-01,25.65,26.46,23.1,24.34,5090000000,-7.52
AAPL,2015-12-01,29.69,29.96,26.2,26.32,3690000000,-10.99
AAPL,2015-11-01,29.97,30.95,27.75,29.57,3000000000,-1.04
AAPL,2015-10-01,27.27,30.3,26.83,29.88,4450000000,8.38
AAPL,2015-09-01,27.54,29.22,26.84,27.57,4830000000,-2.2
AAPL,2015-08-01,30.38,30.64,23.0,28.19,6430000000,-7.03
AAPL,2015-07-01,31.73,33.24,29.8,30.32,4230000000,-3.32
AAPL,2015-06-01,32.8,32.85,31.12,31.36,3510000000,-3.72
AAPL,2015-05-01,31.52,33.24,30.84,32.57,3820000000,4.09
AAPL,2015-04-01,31.2,33.63,30.77,31.29,3980000000,0.58
AAPL,2015-03-01,32.31,32.57,30.41,31.11,4550000000,-3.14
AAPL,2015-02-01,29.51,33.4,29.02,32.12,4550000000,9.66
AAPL,2015-01-01,27.85,30.0,26.16,29.29,5220000000,6.16
AAPL,2014-12-01,29.7,29.81,26.57,27.59,4300000000,-7.2
AAPL,2014-11-01,27.05,29.94,26.93,29.73,3280000000,10.11
AAPL,2014-10-01,25.15,27.01,23.8,27.0,5440000000,7.19
AAPL,2014-09-01,25.77,25.93,24.04,25.19,6110000000,-1.68
AAPL,2014-08-01,23.73,25.73,23.32,25.62,3750000000,7.2
AAPL,2014-07-01,23.38,24.86,23.14,23.9,4139999999,2.88
AAPL,2014-06-01,22.64,23.76,22.23,23.23,4830000000,2.74
AAPL,2014-05-01,21.14,23.01,20.73,22.61,5740000000,7.31
AAPL,2014-04-01,19.21,21.41,18.26,21.07,6440000000,9.91
AAPL,2014-03-01,18.69,19.61,18.67,19.17,5010000000,2.02
AAPL,2014-02-01,17.95,19.69,17.83,18.79,5890000000,5.09
AAPL,2014-01-01,19.85,20.01,17.63,17.88,8810000000,-10.78
AAPL,2013-12-01,19.93,20.54,19.24,20.04,7060000000,0.91
AAPL,2013-11-01,18.71,19.94,18.3,19.86,5230000000,6.37
AAPL,2013-10-01,17.09,19.26,17.08,18.67,7840000000,9.63
AAPL,2013-09-01,17.61,18.14,15.97,17.03,8640000000,-2.13
AAPL,2013-08-01,16.28,18.35,16.19,17.4,8060000000,7.67
AAPL,2013-07-01,14.38,16.33,14.33,16.16,6540000000,14.12
AAPL,2013-06-01,16.1,16.23,13.89,14.16,7020000000,-11.83
AAPL,2013-05-01,15.87,16.63,14.96,16.06,9450000000,1.58
AAPL,2013-04-01,15.78,15.9,13.75,15.81,10970000000,0.0
AAPL,2013-03-01,15.64,16.78,14.96,15.81,9180000000,0.32
AAPL,2013-02-01,16.4,17.32,15.63,15.76,9340000000,-3.13
AAPL,2013-01-01,19.78,19.82,15.54,16.27,13120000000,-14.41
AAPL,2012-12-01,21.2,21.24,17.9,19.01,12140000000,-9.04
AAPL,2012-11-01,21.36,21.54,18.06,20.9,12930000000,-1.69
AAPL,2012-10-01,23.97,24.17,20.99,21.26,12140000000,-10.78
AAPL,2012-09-01,23.78,25.18,23.43,23.83,9200000000,0.29
AAPL,2012-08-01,22.0,24.32,21.44,23.76,8279999999,8.94
AAPL,2012-07-01,20.88,22.14,20.36,21.81,8910000000,4.55
AAPL,2012-06-01,20.33,21.07,19.59,20.86,7860000000,1.11
AAPL,2012-05-01,20.89,21.31,18.65,20.63,11110000000,-1.1
AAPL,2012-04-01,21.49,23.0,19.82,20.86,15600000000,-2.57
AAPL,2012-03-01,19.58,22.19,18.44,21.41,15580000000,10.53
AAPL,2012-02-01,16.37,19.56,16.21,19.37,11370000000,18.83
AAPL,2012-01-01,14.62,16.37,14.61,16.3,6860000000,12.72
AAPL,2011-12-01,13.66,14.61,13.49,14.46,6310000000,5.93
AAPL,2011-11-01,14.19,14.57,12.98,13.65,8970000000,-5.6
AAPL,2011-10-01,13.58,15.24,12.65,14.46,13140000000,6.17
AAPL,2011-09-01,13.78,15.1,13.09,13.62,11980000000,-0.87
AAPL,2011-08-01,14.21,14.27,12.61,13.74,16140000000,-1.51
AAPL,2011-07-01,12.0,14.45,11.94,13.95,10650000000,16.35
AAPL,2011-06-01,12.46,12.58,11.09,11.99,9270000000,-3.46
AAPL,2011-05-01,12.49,12.57,11.76,12.42,6910000000,-0.64
AAPL,2011-04-01,12.54,12.68,11.43,12.5,9250000000,0.4
AAPL,2011-03-01,12.7,12.92,11.65,12.45,11300000000,-1.27
AAPL,2011-02-01,12.19,13.03,12.06,12.61,9300000000,4.04
AAPL,2011-01-01,11.63,12.45,11.6,12.12,10840000000,5.21
AAPL,2010-12-01,11.26,11.67,11.25,11.52,6980000000,3.69
AAPL,2010-11-01,10.79,11.47,10.63,11.11,9510000000,3.35
AAPL,2010-10-01,10.22,11.39,9.92,10.75,12250000000,6.12
AAPL,2010-09-01,8.84,10.53,8.8,10.13,11850000000,16.71
AAPL,2010-08-01,9.3,9.44,8.41,8.68,9590000000,-5.55
AAPL,2010-07-01,9.08,9.5,8.56,9.19,15670000000,2.34
AAPL,2010-06-01,9.27,9.96,8.65,8.98,16649999999,-2.07
AAPL,2010-05-01,9.42,9.57,7.12,9.17,18080000000,-1.61
AAPL,2010-04-01,8.48,9.73,8.31,9.32,12370000000,11.08
AAPL,2010-03-01,7.35,8.48,7.34,8.39,12160000000,14.77
AAPL,2010-02-01,6.87,7.33,6.82,7.31,10780000000,6.56
AAPL,2010-01-01,7.62,7.7,6.79,6.86,15170000000,-8.9
AAPL,2009-12-01,7.22,7.64,6.74,7.53,11400000000,5.46
AAPL,2009-11-01,6.78,7.43,6.63,7.14,8460000000,6.09
AAPL,2009-10-01,6.62,7.45,6.45,6.73,12960000000,1.66
AAPL,2009-09-01,6.0,6.75,5.86,6.62,9990000000,10.15
AAPL,2009-08-01,5.9,6.16,5.69,6.01,8170000000,2.91
AAPL,2009-07-01,5.12,5.89,4.8,5.84,10940000000,14.73
AAPL,2009-06-01,4.87,5.23,4.75,5.09,12680000000,4.95
AAPL,2009-05-01,4.49,4.85,4.26,4.85,9460000000,8.02
AAPL,2009-04-01,3.72,4.54,3.71,4.49,11820000000,19.73
AAPL,2009-03-01,3.15,3.93,2.94,3.75,15430000000,17.55
AAPL,2009-02-01,3.18,3.68,3.09,3.19,13870000000,-0.93
AAPL,2009-01-01,3.07,3.47,2.79,3.22,18230000000,5.57
AAPL,2008-12-01,3.26,3.7,3.02,3.05,20290000000,-7.85
AAPL,2008-11-01,3.78,3.99,2.83,3.31,23630000000,-13.8
AAPL,2008-10-01,4.0,4.16,3.04,3.84,41450000000,-5.42
AAPL,2008-09-01,6.16,6.2,3.59,4.06,24070000000,-32.89
AAPL,2008-08-01,5.71,6.44,5.46,6.05,13090000000,6.51
AAPL,2008-07-01,5.87,6.46,5.23,5.68,19750000000,-5.02
AAPL,2008-06-01,6.74,6.78,5.86,5.98,19480000000,-11.28
AAPL,2008-05-01,6.25,6.87,6.14,6.74,18590000000,8.53
AAPL,2008-04-01,5.22,6.43,5.13,6.21,22790000000,21.29
AAPL,2008-03-01,4.44,5.2,4.21,5.12,22930000000,14.8
AAPL,2008-02-01,4.87,4.88,4.12,4.46,24870000000,-7.66
AAPL,2008-01-01,7.12,7.15,4.5,4.83,35190000000,-31.68
AAPL,2007-12-01,6.49,7.25,6.32,7.07,17260000000,8.6
AAPL,2007-11-01,6.74,6.88,5.38,6.51,26200000000,-3.98
AAPL,2007-10-01,5.52,6.79,5.46,6.78,23280000000,23.72
AAPL,2007-09-01,5.0,5.54,4.64,5.48,20930000000,10.71
AAPL,2007-08-01,4.77,4.99,3.99,4.95,24370000000,5.1
AAPL,2007-07-01,4.32,5.32,4.26,4.71,24180000000,8.03
AAPL,2007-06-01,4.32,4.56,4.12,4.36,23320000000,0.69
AAPL,2007-05-01,3.56,4.36,3.52,4.33,17390000000,21.63
AAPL,2007-04-01,3.36,3.66,3.2,3.56,13520000000,7.23
AAPL,2007-03-01,3.0,3.46,2.99,3.32,15940000000,9.93
AAPL,2007-02-01,3.08,3.24,2.96,3.02,13750000000,-1.31
AAPL,2007-01-01,3.08,3.49,2.92,3.06,27280000000,0.99
AAPL,2006-12-01,3.28,3.3,2.74,3.03,16940000000,-7.34
AAPL,2006-11-01,2.9,3.33,2.78,3.27,13850000000,12.76
AAPL,2006-10-01,2.68,2.95,2.59,2.9,14420000000,5.45
AAPL,2006-09-01,2.45,2.78,2.42,2.75,17740000000,13.64
AAPL,2006-08-01,2.4,2.5,2.23,2.42,17900000000,-0.41
AAPL,2006-07-01,2.05,2.45,1.79,2.43,17500000000,18.54
AAPL,2006-06-01,2.14,2.25,1.98,2.05,17960000000,-3.76
AAPL,2006-05-01,2.53,2.64,2.1,2.13,15620000000,-15.14
AAPL,2006-04-01,2.27,2.57,2.18,2.51,20130000000,12.05
AAPL,2006-03-01,2.46,2.5,2.06,2.24,23200000000,-8.57
AAPL,2006-02-01,2.68,2.73,2.25,2.45,18770000000,-9.26
AAPL,2006-01-01,2.58,3.09,2.53,2.7,21900000000,5.06
AAPL,2005-12-01,2.46,2.69,2.46,2.57,13070000000,6.2
AAPL,2005-11-01,2.04,2.54,2.03,2.42,13470000000,17.48
AAPL,2005-10-01,1.93,2.07,1.71,2.06,18690000000,7.85
AAPL,2005-09-01,1.68,1.95,1.65,1.91,12360000000,14.37
AAPL,2005-08-01,1.52,1.73,1.5,1.67,9460000000,9.87
AAPL,2005-07-01,1.32,1.58,1.3,1.52,10230000000,16.03
AAPL,2005-06-01,1.42,1.46,1.27,1.31,11430000000,-7.75
AAPL,2005-05-01,1.29,1.46,1.18,1.42,12920000000,10.08
AAPL,2005-04-01,1.5,1.59,1.21,1.29,19480000000,-13.42
AAPL,2005-03-01,1.61,1.61,1.39,1.49,14730000000,-6.88
AAPL,2005-02-01,1.38,1.62,1.37,1.6,21490000000,16.79
AAPL,2005-01-01,1.16,1.39,1.12,1.37,25870000000,19.13
AMZN,2024-12-01,209.96,233.0,209.51,219.39,760920000,5.53
AMZN,2024-11-01,199.0,215.9,194.31,207.89,905940000,11.53
AMZN,2024-10-01,184.9,195.61,180.25,186.4,734070000,0.04
AMZN,2024-09-01,177.55,195.37,171.16,186.33,765130000,4.39
AMZN,2024-08-01,189.29,190.6,151.61,178.5,971020000,-4.54
AMZN,2024-07-01,193.49,201.2,176.8,186.98,868120000,-3.24
AMZN,2024-06-01,177.7,199.84,175.92,193.25,813280000,9.53
AMZN,2024-05-01,181.63,191.7,173.87,176.44,892340000,0.82
AMZN,2024-04-01,180.79,189.77,166.32,175.0,917170000,-2.98
AMZN,2024-03-01,176.75,181.7,171.47,180.38,702060000,2.05
AMZN,2024-02-01,155.87,177.22,155.62,176.76,1050000000,13.89
AMZN,2024-01-01,151.54,161.73,144.05,155.2,954010000,2.15
AMZN,2023-12-01,146.0,155.63,142.81,151.94,931320000,4.0
AMZN,2023-11-01,133.96,149.26,133.71,146.09,1030000000,9.77
AMZN,2023-10-01,127.28,134.48,118.35,133.09,1220000000,4.7
AMZN,2023-09-01,139.46,145.86,123.04,127.12,1120000000,-7.89
AMZN,2023-08-01,133.55,143.63,126.41,138.01,1210000000,3.24
AMZN,2023-07-01,130.82,136.65,125.92,133.68,1060000000,2.55
AMZN,2023-06-01,120.69,131.49,119.93,130.36,1240000000,8.11
AMZN,2023-05-01,104.95,122.92,101.15,120.58,1430000000,14.35
AMZN,2023-04-01,102.3,110.86,97.71,105.45,1220000000,2.09
AMZN,2023-03-01,93.87,103.49,88.12,103.29,1350000000,9.61
AMZN,2023-02-01,102.53,114.0,92.32,94.23,1360000000,-8.63
AMZN,2023-01-01,85.46,103.49,81.43,103.13,1520000000,22.77
AMZN,2022-12-01,96.99,97.23,81.69,84.0,1550000000,-12.99
AMZN,2022-11-01,103.99,104.58,85.87,96.54,2040000000,-5.76
AMZN,2022-10-01,113.58,123.0,97.66,102.44,1460000000,-9.35
AMZN,2022-09-01,126.0,136.49,112.06,113.0,1210000000,-10.86
AMZN,2022-08-01,134.96,146.57,126.74,126.77,1170000000,-6.06
AMZN,2022-07-01,106.29,137.65,105.85,134.95,1340000000,27.06
AMZN,2022-06-01,122.26,128.99,101.43,106.21,1770000000,-11.65
AMZN,2022-05-01,122.4,126.22,101.26,120.21,2260000000,-3.28
AMZN,2022-04-01,164.15,168.39,121.63,124.28,1470000000,-23.75
AMZN,2022-03-01,152.73,170.83,133.57,163.0,1630000000,6.14
AMZN,2022-02-01,150.0,163.83,138.33,153.56,1690000000,2.67
AMZN,2022-01-01,167.55,171.4,135.35,149.57,1530000000,-10.28
AMZN,2021-12-01,177.25,177.99,165.2,166.72,1290000000,-4.93
AMZN,2021-11-01,168.09,188.11,164.18,175.35,1520000000,3.99
AMZN,2021-10-01,164.45,173.95,158.81,168.62,1270000000,2.66
AMZN,2021-09-01,174.82,177.5,163.7,164.25,1250000000,-5.35
AMZN,2021-08-01,167.65,173.63,158.79,173.54,1260000000,4.3
AMZN,2021-07-01,171.73,188.65,165.35,166.38,1670000000,-3.27
AMZN,2021-06-01,162.17,176.24,158.61,172.01,1340000000,6.74
AMZN,2021-05-01,174.24,174.33,156.37,161.15,1500000000,-7.05
AMZN,2021-04-01,155.9,177.7,155.78,173.37,1540000000,12.07
AMZN,2021-03-01,156.39,159.1,144.05,154.7,1560000000,0.04
AMZN,2021-02-01,162.12,171.7,151.84,154.65,1440000000,-3.53
AMZN,2021-01-01,163.5,168.19,154.3,160.31,1430000000,-1.56
AMZN,2020-12-01,159.43,167.53,153.64,162.85,1550000000,2.81
AMZN,2020-11-01,153.09,168.34,147.51,158.4,1820000000,4.34
AMZN,2020-10-01,160.4,174.81,150.95,151.81,2330000000,-3.58
AMZN,2020-09-01,174.48,177.61,143.55,157.44,2320000000,-8.76
AMZN,2020-08-01,159.03,174.75,153.65,172.55,1670000000,9.05
AMZN,2020-07-01,137.9,167.21,137.7,158.23,2550000000,14.71
AMZN,2020-06-01,122.4,139.8,121.86,137.94,1760000000,12.96
AMZN,2020-05-01,116.84,126.27,112.82,122.12,1650000000,-1.28
AMZN,2020-04-01,96.65,123.75,94.46,123.7,2490000000,26.89
AMZN,2020-03-01,95.32,99.82,81.3,97.49,3280000000,3.5
AMZN,2020-02-01,100.53,109.3,90.56,94.19,1850000000,-6.22
AMZN,2020-01-01,93.75,102.79,90.77,100.44,1700000000,8.71
AMZN,2019-12-01,90.22,95.07,86.75,92.39,1370000000,2.61
AMZN,2019-11-01,89.4,91.23,86.14,90.04,1040000000,1.36
AMZN,2019-10-01,87.3,89.94,84.25,88.83,1440000000,2.35
AMZN,2019-09-01,88.5,92.68,85.46,86.8,1240000000,-2.27
AMZN,2019-08-01,93.59,94.9,87.18,88.81,1600000000,-4.85
AMZN,2019-07-01,96.15,101.79,92.47,93.34,1460000000,-1.42
AMZN,2019-06-01,88.0,96.76,83.6,94.68,1490000000,6.68
AMZN,2019-05-01,96.65,98.22,88.64,88.75,1960000000,-7.86
AMZN,2019-04-01,90.01,97.82,89.94,96.33,1630000000,8.19
AMZN,2019-03-01,82.76,91.19,79.33,89.04,2020000000,8.59
AMZN,2019-02-01,81.94,83.65,78.34,81.99,1620000000,-4.59
AMZN,2019-01-01,73.26,86.82,73.05,85.94,2680000000,14.43
AMZN,2018-12-01,88.47,88.92,65.35,75.1,3100000000,-11.13
AMZN,2018-11-01,81.18,89.2,71.0,84.51,2790000000,5.77
AMZN,2018-10-01,101.1,101.66,73.82,79.9,3660000000,-20.22
AMZN,2018-09-01,101.32,102.53,93.25,100.15,1890000000,-0.48
AMZN,2018-08-01,89.2,101.28,88.8,100.64,1930000000,13.24
AMZN,2018-07-01,84.14,94.0,83.9,88.87,1950000000,4.57
AMZN,2018-06-01,81.85,88.15,81.75,84.99,1720000000,4.31
AMZN,2018-05-01,78.16,81.75,77.3,81.48,1430000000,4.05
AMZN,2018-04-01,70.88,81.9,67.64,78.31,2600000000,8.21
AMZN,2018-03-01,75.68,80.88,68.26,72.37,2610000000,-4.3
AMZN,2018-02-01,72.25,76.43,63.3,75.62,2760000000,4.24
AMZN,2018-01-01,58.6,73.63,58.53,72.54,1930000000,24.06
AMZN,2017-12-01,58.6,59.74,56.24,58.47,1160000000,-0.62
AMZN,2017-11-01,55.27,60.67,54.34,58.84,1540000000,6.47
AMZN,2017-10-01,48.2,56.14,47.52,55.26,1670000000,14.97
AMZN,2017-09-01,49.21,50.0,46.59,48.07,1190000000,-1.96
AMZN,2017-08-01,49.81,50.32,46.82,49.03,1550000000,-0.73
AMZN,2017-07-01,48.64,54.17,47.55,49.39,1580000000,2.04
AMZN,2017-06-01,49.93,50.85,46.35,48.4,1920000000,-2.68
AMZN,2017-05-01,46.39,50.06,46.39,49.73,1520000000,7.53
AMZN,2017-04-01,44.4,47.48,44.22,46.25,1470000000,4.34
AMZN,2017-03-01,42.65,44.52,41.67,44.33,1210000000,4.91
AMZN,2017-02-01,41.46,43.04,40.15,42.25,1430000000,2.62
AMZN,2017-01-01,37.9,42.19,37.38,41.17,1410000000,9.82
AMZN,2016-12-01,37.62,39.12,36.83,37.49,1470000000,-0.09
AMZN,2016-11-01,39.95,40.04,35.51,37.53,2200000000,-4.97
AMZN,2016-10-01,41.8,42.36,38.73,39.49,1540000000,-5.67
AMZN,2016-09-01,38.54,42.0,37.8,41.87,1350000000,8.86
AMZN,2016-08-01,37.99,38.75,37.52,38.46,1000000000,1.36
AMZN,2016-07-01,35.87,38.3,35.83,37.94,1370000000,6.04
AMZN,2016-06-01,36.04,36.58,34.11,35.78,1490000000,-0.99
AMZN,2016-05-01,33.2,36.21,32.8,36.14,1810000000,9.58
AMZN,2016-04-01,29.52,33.5,29.26,32.98,1570000000,11.11
AMZN,2016-03-01,27.81,30.16,26.93,29.68,1880000000,7.44
AMZN,2016-02-01,28.91,29.09,23.7,27.63,2480000000,-5.87
AMZN,2016-01-01,32.81,32.89,27.36,29.35,2600000000,-13.15
AMZN,2015-12-01,33.69,34.82,31.76,33.79,1800000000,1.67
AMZN,2015-11-01,31.36,34.14,31.02,33.24,1750000000,6.22
AMZN,2015-10-01,25.55,31.54,25.3,31.3,1940000000,22.27
AMZN,2015-09-01,24.96,27.49,24.52,25.59,1540000000,-0.19
AMZN,2015-08-01,26.87,27.14,22.55,25.64,1660000000,-4.34
AMZN,2015-07-01,21.97,29.03,21.28,26.81,2040000000,23.51
AMZN,2015-06-01,21.52,22.35,20.96,21.7,1100000000,1.13
AMZN,2015-05-01,21.19,21.95,20.73,21.46,1040000000,1.77
AMZN,2015-04-01,18.6,22.63,18.42,21.09,1690000000,13.35
AMZN,2015-03-01,19.04,19.42,18.28,18.6,1110000000,-2.12
AMZN,2015-02-01,17.5,19.47,17.5,19.01,1420000000,7.23
AMZN,2015-01-01,15.63,17.98,14.26,17.73,2060000000,14.24
AMZN,2014-12-01,16.91,17.03,14.65,15.52,1740000000,-8.35
AMZN,2014-11-01,15.31,17.06,14.61,16.93,1380000000,10.86
AMZN,2014-10-01,16.1,16.26,14.2,15.27,2220000000,-5.27
AMZN,2014-09-01,17.0,17.47,15.88,16.12,1360000000,-4.9
AMZN,2014-08-01,15.68,17.33,15.23,16.95,1240000000,8.32
AMZN,2014-07-01,16.29,18.24,15.59,15.65,1990000000,-3.63
AMZN,2014-06-01,15.63,17.04,15.19,16.24,1530000000,3.91
AMZN,2014-05-01,15.21,15.74,14.22,15.63,1570000000,2.74
AMZN,2014-04-01,16.9,17.41,14.4,15.21,2770000000,-9.57
AMZN,2014-03-01,17.94,19.16,16.54,16.82,1510000000,-7.12
AMZN,2014-02-01,17.95,18.29,16.89,18.11,1660000000,1.0
AMZN,2014-01-01,19.94,20.4,17.89,17.93,1630000000,-10.08
AMZN,2013-12-01,19.95,20.28,18.98,19.94,1110000000,1.32
AMZN,2013-11-01,18.28,19.7,17.09,19.68,1080000000,8.13
AMZN,2013-10-01,15.71,18.42,14.83,18.2,1550000000,16.44
AMZN,2013-09-01,14.24,16.03,14.21,15.63,870100000,11.25
AMZN,2013-08-01,15.15,15.31,13.97,14.05,876170000,-6.71
AMZN,2013-07-01,13.95,15.68,13.86,15.06,1350000000,8.5
AMZN,2013-06-01,13.45,14.17,13.15,13.88,1170000000,3.12
AMZN,2013-05-01,12.7,13.6,12.29,13.46,1180000000,6.07
AMZN,2013-04-01,13.35,13.79,12.43,12.69,1540000000,-4.73
AMZN,2013-03-01,13.16,13.87,12.6,13.32,1170000000,0.83
AMZN,2013-02-01,13.45,13.71,12.76,13.21,1370000000,-0.53
AMZN,2013-01-01,12.8,14.24,12.66,13.28,1690000000,5.9
AMZN,2012-12-01,12.63,13.16,12.14,12.54,1220000000,-0.48
AMZN,2012-11-01,11.71,12.63,10.91,12.6,1340000000,8.25
AMZN,2012-10-01,12.77,13.1,11.15,11.64,1630000000,-8.49
AMZN,2012-09-01,12.41,13.21,12.23,12.72,1270000000,2.5
AMZN,2012-08-01,11.71,12.5,11.43,12.41,1200000000,6.43
AMZN,2012-07-01,11.46,12.04,10.63,11.66,1550000000,2.1
AMZN,2012-06-01,10.42,11.42,10.32,11.42,1320000000,7.23
AMZN,2012-05-01,11.47,11.65,10.36,10.65,1860000000,-8.19
AMZN,2012-04-01,9.9,11.69,9.18,11.6,2210000000,14.51
AMZN,2012-03-01,8.99,10.49,8.83,10.13,2260000000,12.81
AMZN,2012-02-01,8.69,9.68,8.6,8.98,2930000000,-7.61
AMZN,2012-01-01,8.79,9.82,8.68,9.72,2210000000,12.37
AMZN,2011-12-01,9.59,9.98,8.35,8.65,2510000000,-9.99
AMZN,2011-11-01,10.41,11.12,9.08,9.61,2730000000,-10.02
AMZN,2011-10-01,10.85,12.34,9.83,10.68,3190000000,-1.2
AMZN,2011-09-01,10.76,12.2,10.22,10.81,2870000000,0.46
AMZN,2011-08-01,11.25,11.37,8.86,10.76,3110000000,-3.32
AMZN,2011-07-01,10.28,11.36,10.18,11.13,1860000000,8.9
AMZN,2011-06-01,9.8,10.31,9.08,10.22,1910000000,3.97
AMZN,2011-05-01,9.83,10.32,9.54,9.83,2130000000,0.41
AMZN,2011-04-01,9.08,9.89,8.77,9.79,2340000000,8.66
AMZN,2011-03-01,8.68,9.08,8.03,9.01,2380000000,4.04
AMZN,2011-02-01,8.53,9.57,8.48,8.66,1920000000,2.12
AMZN,2011-01-01,9.07,9.58,8.35,8.48,2270000000,-5.78
AMZN,2010-12-01,8.96,9.28,8.65,9.0,1870000000,2.62
AMZN,2010-11-01,8.22,9.09,7.84,8.77,2620000000,6.17
AMZN,2010-10-01,7.85,8.6,7.57,8.26,2860000000,5.22
AMZN,2010-09-01,6.32,8.09,6.31,7.85,2690000000,25.8
AMZN,2010-08-01,5.96,6.54,5.88,6.24,2270000000,5.94
AMZN,2010-07-01,5.45,6.24,5.29,5.89,3510000000,7.88
AMZN,2010-06-01,6.25,6.46,5.3,5.46,2670000000,-12.92
AMZN,2010-05-01,6.86,6.97,5.88,6.27,2820000000,-8.6
AMZN,2010-04-01,6.79,7.55,6.54,6.86,3460000000,1.03
AMZN,2010-03-01,5.94,6.91,5.88,6.79,3160000000,14.7
AMZN,2010-02-01,6.16,6.24,5.69,5.92,4200000000,-5.58
AMZN,2010-01-01,6.81,6.83,5.91,6.27,4620000000,-6.84
AMZN,2009-12-01,6.85,7.3,6.28,6.73,4150000000,-1.03
AMZN,2009-11-01,5.93,6.8,5.81,6.8,3210000000,14.48
AMZN,2009-10-01,4.62,6.28,4.41,5.94,5370000000,27.19
AMZN,2009-09-01,4.04,4.72,3.88,4.67,2560000000,15.02
AMZN,2009-08-01,4.33,4.41,4.01,4.06,2250000000,-5.36
AMZN,2009-07-01,4.22,4.72,3.77,4.29,3510000000,2.63
AMZN,2009-06-01,3.91,4.43,3.81,4.18,3040000000,7.18
AMZN,2009-05-01,4.02,4.18,3.65,3.9,2750000000,-3.23
AMZN,2009-04-01,3.65,4.33,3.59,4.03,3700000000,9.81
AMZN,2009-03-01,3.2,3.78,2.99,3.67,4550000000,13.27
AMZN,2009-02-01,2.93,3.37,2.91,3.24,3740000000,10.2
AMZN,2009-01-01,2.57,2.99,2.38,2.94,4090000000,14.84
AMZN,2008-12-01,2.1,2.74,1.94,2.56,4130000000,20.19
AMZN,2008-11-01,2.82,2.94,1.73,2.13,4570000000,-25.52
AMZN,2008-10-01,3.59,3.6,2.17,2.86,6640000000,-21.43
AMZN,2008-09-01,4.16,4.34,3.07,3.64,3850000000,-9.9
AMZN,2008-08-01,3.82,4.59,3.7,4.04,2980000000,5.76
AMZN,2008-07-01,3.61,4.12,3.15,3.82,4320000000,4.09
AMZN,2008-06-01,4.06,4.24,3.63,3.67,3070000000,-10.05
AMZN,2008-05-01,3.92,4.24,3.58,4.08,3050000000,3.82
AMZN,2008-04-01,3.65,4.13,3.53,3.93,3960000000,10.39
AMZN,2008-03-01,3.18,3.85,3.06,3.56,3850000000,10.56
AMZN,2008-02-01,3.95,3.97,3.2,3.22,4230000000,-17.01
AMZN,2008-01-01,4.77,4.87,3.44,3.88,5770000000,-16.2
AMZN,2007-12-01,4.5,4.8,4.19,4.63,2540000000,2.21
AMZN,2007-11-01,4.39,4.57,3.83,4.53,3600000000,1.57
AMZN,2007-10-01,4.67,5.05,4.16,4.46,4640000000,-4.29
AMZN,2007-09-01,4.0,4.71,3.99,4.66,2450000000,16.5
AMZN,2007-08-01,3.9,4.04,3.5,4.0,3510000000,1.78
AMZN,2007-07-01,3.44,4.45,3.4,3.93,5320000000,14.91
AMZN,2007-06-01,3.44,3.74,3.34,3.42,4790000000,-1.16
AMZN,2007-05-01,3.06,3.67,2.98,3.46,6610000000,12.7
AMZN,2007-04-01,1.99,3.19,1.98,3.07,6980000000,54.27
AMZN,2007-03-01,1.97,2.01,1.85,1.99,2850000000,1.53
AMZN,2007-02-01,1.9,2.1,1.83,1.96,3180000000,4.26
AMZN,2007-01-01,1.93,1.96,1.81,1.88,2610000000,-4.57
AMZN,2006-12-01,2.01,2.03,1.89,1.97,2430000000,-2.48
AMZN,2006-11-01,1.91,2.16,1.84,2.02,2940000000,6.32
AMZN,2006-10-01,1.6,1.93,1.53,1.9,4130000000,18.01
AMZN,2006-09-01,1.54,1.64,1.48,1.61,2920000000,4.55
AMZN,2006-08-01,1.33,1.55,1.29,1.54,3190000000,14.93
AMZN,2006-07-01,1.93,1.93,1.3,1.34,4590000000,-30.57
AMZN,2006-06-01,1.73,1.94,1.62,1.93,2300000000,11.56
AMZN,2006-05-01,1.76,1.82,1.58,1.73,2910000000,-1.7
AMZN,2006-04-01,1.83,1.94,1.75,1.76,2140000000,-3.83
AMZN,2006-03-01,1.87,1.89,1.76,1.83,2440000000,-2.14
AMZN,2006-02-01,2.2,2.23,1.85,1.87,3310000000,-16.52
AMZN,2006-01-01,2.37,2.43,2.15,2.24,2470000000,-5.08
AMZN,2005-12-01,2.44,2.5,2.36,2.36,2420000000,-2.48
AMZN,2005-11-01,2.0,2.47,1.98,2.42,4330000000,21.61
AMZN,2005-10-01,2.27,2.35,1.94,1.99,2960000000,-12.33
AMZN,2005-09-01,2.13,2.29,2.02,2.27,2100000000,6.57
AMZN,2005-08-01,2.24,2.35,2.1,2.13,2310000000,-5.75
AMZN,2005-07-01,1.66,2.29,1.64,2.26,3690000000,36.97
AMZN,2005-06-01,1.78,1.85,1.65,1.65,2130000000,-7.3
AMZN,2005-05-01,1.61,1.8,1.6,1.78,2340000000,9.88
AMZN,2005-04-01,1.73,1.77,1.53,1.62,3320000000,-5.26
AMZN,2005-03-01,1.75,1.82,1.64,1.71,2400000000,-2.84
AMZN,2005-02-01,2.15,2.18,1.66,1.76,4420000000,-18.52
AMZN,2005-01-01,2.25,2.27,2.01,2.16,3910000000,-2.26
META,2024-12-01,577.5,638.4,575.57,585.51,6020000,1.95
META,2024-11-01,567.6,599.66,549.05,574.32,237810000,1.19
META,2024-10-01,577.98,602.95,561.52,567.58,265910000,-0.85
META,2024-09-01,519.64,577.4,495.6,572.44,246450000,9.81
META,2024-08-01,521.0,544.23,450.8,521.31,323380000,9.79
META,2024-07-01,504.95,542.81,442.65,474.83,324020000,-5.83
META,2024-06-01,470.86,522.88,468.24,504.22,226950000,8.01
META,2024-05-01,428.6,482.5,427.11,466.83,282490000,8.52
META,2024-04-01,487.2,531.49,414.5,430.17,437300000,-11.41
META,2024-03-01,492.11,523.57,476.0,485.58,279210000,-0.93
META,2024-02-01,393.94,494.36,393.05,490.13,466260000,25.63
META,2024-01-01,351.32,406.36,340.01,390.14,346970000,10.22
META,2023-12-01,325.48,361.9,313.66,353.96,334630000,8.2
META,2023-11-01,301.85,342.92,301.85,327.15,329350000,8.59
META,2023-10-01,302.74,330.54,279.4,301.27,511370000,0.35
META,2023-09-01,299.37,312.87,286.79,300.21,406800000,1.46
META,2023-08-01,317.54,324.14,274.38,295.89,424630000,-7.13
META,2023-07-01,286.7,326.2,284.85,318.6,625340000,11.02
META,2023-06-01,265.9,289.79,258.88,286.98,481180000,8.41
META,2023-05-01,238.62,268.65,229.85,264.72,487170000,10.15
META,2023-04-01,208.84,241.68,207.13,240.32,446690000,13.39
META,2023-03-01,174.59,212.17,171.43,211.94,690450000,21.15
META,2023-02-01,148.03,197.16,147.06,174.94,772200000,17.43
META,2023-01-01,122.82,153.19,122.28,148.97,548770000,23.79
META,2022-12-01,119.2,124.67,112.46,120.34,653020000,1.9
META,2022-11-01,94.33,118.74,88.09,118.1,1060000000,26.77
META,2022-10-01,137.14,142.39,92.6,93.16,1110000000,-31.34
META,2022-09-01,163.58,171.39,134.12,135.68,635060000,-16.72
META,2022-08-01,157.25,183.1,155.23,162.93,551920000,2.41
META,2022-07-01,160.31,183.85,154.85,159.1,586550000,-1.33
META,2022-06-01,196.51,202.03,154.25,161.25,686380000,-16.73
META,2022-05-01,201.16,224.3,176.11,193.64,680550000,-3.41
META,2022-04-01,224.55,236.86,169.0,200.47,672300000,-9.84
META,2022-03-01,209.87,231.15,185.82,222.36,733290000,5.37
META,2022-02-01,314.55,328.0,190.22,211.03,1130000000,-32.63
META,2022-01-01,338.3,343.09,289.01,313.26,427350000,-6.86
META,2021-12-01,330.29,352.71,299.5,336.35,438300000,3.66
META,2021-11-01,326.04,353.83,323.2,324.46,441120000,0.28
META,2021-10-01,341.61,345.02,308.11,323.57,588380000,-4.66
META,2021-09-01,379.59,384.33,338.15,339.39,338130000,-10.54
META,2021-08-01,358.1,382.76,347.7,379.38,226150000,6.48
META,2021-07-01,346.82,377.55,334.5,356.3,335420000,2.47
META,2021-06-01,330.15,358.14,323.48,347.71,344810000,5.77
META,2021-05-01,326.17,333.78,298.19,328.73,353420000,1.12
META,2021-04-01,298.4,331.81,296.04,325.08,421280000,10.37
META,2021-03-01,260.82,299.7,253.5,294.53,497460000,14.33
META,2021-02-01,259.52,276.6,254.04,257.62,317780000,-0.27
META,2021-01-01,274.78,286.79,244.61,258.33,452700000,-5.43
META,2020-12-01,279.16,291.78,264.63,273.16,363960000,-1.38
META,2020-11-01,264.6,297.38,257.34,276.97,356800000,5.27
META,2020-10-01,265.35,285.24,254.82,263.11,454180000,0.46
META,2020-09-01,294.71,303.6,244.13,261.9,499180000,-10.68
META,2020-08-01,252.65,304.67,247.43,293.2,574310000,15.58
META,2020-07-01,228.5,255.85,226.9,253.67,517669999,11.71
META,2020-06-01,224.59,245.19,207.11,227.07,548040000,0.88
META,2020-05-01,201.6,240.9,198.76,225.09,509640000,9.96
META,2020-04-01,161.62,209.69,150.83,204.71,541540000,22.73
META,2020-03-01,194.03,197.24,137.1,166.8,649510000,-13.34
META,2020-02-01,203.44,218.76,181.82,192.47,317640000,-4.68
META,2020-01-01,206.75,224.2,201.06,201.91,348100000,-1.63
META,2019-12-01,202.13,208.93,193.17,205.25,278230000,1.79
META,2019-11-01,192.85,203.8,188.54,201.64,258579999,5.21
META,2019-10-01,179.15,198.09,173.09,191.65,330150000,7.62
META,2019-09-01,184.0,193.1,175.66,178.08,267510000,-4.09
META,2019-08-01,194.17,198.47,176.66,185.67,295180000,-4.41
META,2019-07-01,195.21,208.66,191.93,194.23,351060000,0.64
META,2019-06-01,175.0,194.53,160.84,193.0,426430000,8.75
META,2019-05-01,194.78,196.18,177.16,177.47,286820000,-8.24
META,2019-04-01,167.83,198.48,167.28,193.4,382180000,16.02
META,2019-03-01,162.6,174.3,159.28,166.69,388170000,3.25
META,2019-02-01,165.84,172.47,159.59,161.45,302240000,-3.14
META,2019-01-01,128.99,171.68,128.56,166.69,527559999,27.16
META,2018-12-01,143.0,147.19,123.02,131.09,558790000,-6.77
META,2018-11-01,151.52,154.13,126.85,140.61,518150000,-7.37
META,2018-10-01,163.03,165.88,139.03,151.79,622450000,-7.7
META,2018-09-01,173.5,173.89,158.87,164.46,500470000,-6.41
META,2018-08-01,173.93,188.3,170.27,175.73,549020000,1.83
META,2018-07-01,193.37,218.62,166.56,172.58,652760000,-11.19
META,2018-06-01,193.07,203.55,186.43,194.32,387270000,1.32
META,2018-05-01,172.0,192.72,170.23,191.78,401140000,11.5
META,2018-04-01,157.81,177.1,150.51,172.0,751130000,7.64
META,2018-03-01,179.01,186.1,149.02,159.79,996230000,-10.39
META,2018-02-01,188.22,195.32,167.18,178.32,516620000,-4.59
META,2018-01-01,177.68,190.66,175.8,186.89,495660000,5.91
META,2017-12-01,176.03,182.28,169.01,176.46,317100000,-0.41
META,2017-11-01,182.36,184.25,174.0,177.18,351000000,-1.6
META,2017-10-01,171.39,180.8,168.29,180.06,318150000,5.38
META,2017-09-01,172.4,174.0,161.56,170.87,304830000,-0.64
META,2017-08-01,169.82,173.05,165.0,171.97,303620000,1.61
META,2017-07-01,151.72,175.49,147.8,169.25,419910000,12.1
META,2017-06-01,151.75,156.5,144.56,150.98,414760000,-0.32
META,2017-05-01,151.74,153.6,144.42,151.46,403660000,0.81
META,2017-04-01,141.93,151.53,138.81,150.25,275590000,5.77
META,2017-03-01,136.47,142.95,136.08,142.05,342100000,4.8
META,2017-02-01,132.25,137.18,130.3,135.54,384700000,4.01
META,2017-01-01,116.03,133.14,115.51,130.32,379000000,13.27
META,2016-12-01,118.38,122.5,114.0,115.05,408730000,-2.85
META,2016-11-01,131.41,131.94,113.55,118.42,654600000,-9.6
META,2016-10-01,128.38,133.5,126.75,130.99,313280000,2.12
META,2016-09-01,126.38,131.98,125.6,128.27,376580000,1.7
META,2016-08-01,123.85,126.73,122.07,126.12,365670000,1.76
META,2016-07-01,114.2,128.33,112.97,123.94,470110000,8.45
META,2016-06-01,118.5,119.44,108.23,114.28,451160000,-3.81
META,2016-05-01,117.83,121.08,114.8,118.81,460560000,1.05
META,2016-04-01,113.75,120.79,106.31,117.58,741610000,3.05
META,2016-03-01,107.83,116.99,104.4,114.1,521559999,6.72
META,2016-02-01,112.27,117.59,96.82,106.92,874150000,-4.71
META,2016-01-01,101.95,112.84,89.37,112.21,792710000,7.21
META,2015-12-01,104.83,107.92,101.46,104.66,440480000,0.4
META,2015-11-01,102.46,110.65,100.47,104.24,547230000,2.23
META,2015-10-01,90.05,105.12,88.36,101.97,571990000,13.43
META,2015-09-01,86.85,96.49,85.72,89.9,635400000,0.53
META,2015-08-01,93.53,98.74,72.0,89.43,709960000,-4.87
META,2015-07-01,86.77,99.24,85.23,94.01,790780000,9.61
META,2015-06-01,79.3,89.4,78.66,85.76,537960000,8.3
META,2015-05-01,79.24,81.85,76.79,79.19,421870000,0.53
META,2015-04-01,82.5,85.59,78.32,78.77,542120000,-4.19
META,2015-03-01,79.0,86.07,77.26,82.21,575350000,4.11
META,2015-02-01,76.11,81.37,73.45,78.97,475150000,4.03
META,2015-01-01,78.58,79.25,73.54,75.91,546210000,-2.7
META,2014-12-01,77.26,82.17,74.4,78.02,534690000,0.41
META,2014-11-01,75.47,78.27,72.51,77.7,491020000,3.61
META,2014-10-01,78.78,81.16,70.32,74.99,1080000000,-5.12
META,2014-09-01,75.01,79.71,73.07,79.04,721090000,5.64
META,2014-08-01,72.22,75.99,71.55,74.82,590830000,2.99
META,2014-07-01,67.58,76.74,62.21,72.65,1030000000,7.97
META,2014-06-01,63.23,68.0,61.79,67.29,863490000,6.3
META,2014-05-01,60.43,64.3,56.26,63.3,1120000000,5.89
META,2014-04-01,60.46,63.91,54.66,59.78,1880000000,-0.76
META,2014-03-01,66.96,72.59,57.98,60.24,1260000000,-12.01
META,2014-02-01,63.03,71.44,60.7,68.46,1120000000,9.41
META,2014-01-01,54.83,63.37,51.85,62.57,1300000000,14.49
META,2013-12-01,46.9,58.58,46.26,54.65,1520000000,16.25
META,2013-11-01,50.85,52.09,43.55,47.01,1360000000,-6.36
META,2013-10-01,49.97,54.83,45.26,50.21,2029999999,-0.05
META,2013-09-01,41.84,51.6,41.44,50.23,1580000000,21.64
META,2013-08-01,37.3,42.26,36.02,41.29,1350000000,12.21
META,2013-07-01,24.97,38.31,24.15,36.8,1440000000,47.91
META,2013-06-01,24.26,25.19,22.67,24.88,788390000,2.18
META,2013-05-01,27.85,29.07,23.26,24.35,982140000,-12.32
META,2013-04-01,25.63,28.1,25.15,27.77,738540000,8.56
META,2013-03-01,27.05,28.67,24.72,25.58,727180000,-6.13
META,2013-02-01,31.01,31.02,26.34,27.25,957660000,-12.04
META,2013-01-01,27.44,32.51,27.42,30.98,1680000000,16.38
META,2012-12-01,28.0,28.88,25.15,26.62,1190000000,-4.93
META,2012-11-01,21.08,28.0,18.87,28.0,1530000000,32.64
META,2012-10-01,22.08,24.25,18.8,21.11,1100000000,-2.54
META,2012-09-01,18.08,23.37,17.55,21.66,1060000000,19.95
META,2012-08-01,21.5,22.45,18.03,18.06,1150000000,-16.82
META,2012-07-01,31.25,32.88,21.61,21.71,520230000,-30.18
META,2012-06-01,28.89,33.45,25.52,31.09,667980000,5.05
TSLA,2024-12-01,352.38,488.54,348.2,403.84,1900000000,17.0
TSLA,2024-11-01,252.04,361.93,238.88,345.16,2089999999,38.15
TSLA,2024-10-01,262.67,273.54,212.11,249.85,1910000000,-4.5
TSLA,2024-09-01,215.26,264.86,209.64,261.63,1610000000,22.19
TSLA,2024-08-01,227.69,231.87,182.0,214.11,1620000000,-7.74
TSLA,2024-07-01,201.02,271.0,200.85,232.07,2950000000,17.28
TSLA,2024-06-01,178.13,203.2,167.41,197.88,1410000000,11.12
TSLA,2024-05-01,182.0,187.56,167.75,178.08,1670000000,-2.84
TSLA,2024-04-01,176.17,198.87,138.8,183.28,2480000000,4.26
TSLA,2024-03-01,200.52,204.52,160.51,175.79,1900000000,-12.92
TSLA,2024-02-01,188.5,205.6,175.01,201.88,2020000000,7.79
TSLA,2024-01-01,250.08,251.25,180.06,187.29,2340000000,-24.63
TSLA,2023-12-01,233.14,265.13,228.2,248.48,2300000000,3.5
TSLA,2023-11-01,204.04,252.75,197.85,240.08,2650000000,19.54
TSLA,2023-10-01,244.81,268.94,194.07,200.84,2590000000,-19.73
TSLA,2023-09-01,257.26,278.98,234.58,250.22,2440000000,-3.05
TSLA,2023-08-01,266.26,266.47,212.36,258.08,2500000000,-3.5
TSLA,2023-07-01,276.49,299.29,254.12,267.43,2390000000,2.16
TSLA,2023-06-01,202.59,276.99,199.37,261.77,3440000000,28.36
TSLA,2023-05-01,163.17,204.48,158.83,203.93,2680000000,24.11
TSLA,2023-04-01,199.91,202.69,152.37,164.31,2510000000,-20.8
TSLA,2023-03-01,206.21,207.79,163.91,207.46,3310000000,0.85
TSLA,2023-02-01,173.89,217.65,169.93,205.71,3630000000,18.76
TSLA,2023-01-01,118.47,180.68,101.81,173.22,3900000000,40.62
TSLA,2022-12-01,197.08,198.92,108.24,123.18,2940000000,-36.73
TSLA,2022-11-01,234.05,237.4,166.18,194.7,1890000000,-14.43
TSLA,2022-10-01,254.5,257.5,198.59,227.54,1740000000,-14.22
TSLA,2022-09-01,272.58,313.8,262.47,265.25,1300000000,-3.76
TSLA,2022-08-01,301.27,314.67,271.81,275.61,1700000000,-7.25
TSLA,2022-07-01,227.0,298.32,216.17,297.15,1750000000,32.38
TSLA,2022-06-01,251.72,264.21,208.69,224.47,2009999999,-11.19
TSLA,2022-05-01,286.92,318.5,206.86,252.75,1950000000,-12.92
TSLA,2022-04-01,360.38,384.29,273.9,290.25,1520000000,-19.19
TSLA,2022-03-01,289.89,371.59,252.01,359.2,1730000000,23.8
TSLA,2022-02-01,311.74,315.92,233.33,290.14,1390000000,-7.08
TSLA,2022-01-01,382.58,402.67,264.0,312.24,1920000000,-11.36
TSLA,2021-12-01,386.9,390.95,295.37,352.26,1530000000,-7.69
TSLA,2021-11-01,381.67,414.5,326.2,381.59,1950000000,2.76
TSLA,2021-10-01,259.47,371.74,254.53,371.33,1590000000,43.65
TSLA,2021-09-01,244.69,266.33,236.28,258.49,1170000000,5.4
TSLA,2021-08-01,233.33,246.8,216.28,245.24,1150000000,7.06
TSLA,2021-07-01,227.97,233.33,206.82,229.07,1350000000,1.1
TSLA,2021-06-01,209.27,232.54,190.41,226.57,1560000000,8.71
TSLA,2021-05-01,234.6,235.33,182.33,208.41,1880000000,-11.87
TSLA,2021-04-01,229.46,260.26,219.81,236.48,2040000000,6.21
TSLA,2021-03-01,230.04,240.37,179.83,222.64,2830000000,-1.12
TSLA,2021-02-01,271.43,293.5,206.33,225.17,1570000000,-14.87
TSLA,2021-01-01,239.82,300.13,239.06,264.51,2120000000,12.45
TSLA,2020-12-01,199.2,239.57,180.4,235.22,3590000000,24.33
TSLA,2020-11-01,131.33,202.6,130.77,189.2,2350000000,46.27
TSLA,2020-10-01,146.92,155.3,126.37,129.35,2500000000,-9.55
TSLA,2020-09-01,167.38,167.5,109.96,143.0,5210000000,-13.91
TSLA,2020-08-01,96.61,166.71,91.0,166.11,4670000000,74.15
TSLA,2020-07-01,72.2,119.67,72.03,95.38,5680000000,32.5
TSLA,2020-06-01,57.2,72.51,56.94,71.99,3840000000,29.32
TSLA,2020-05-01,50.33,56.22,45.54,55.67,4090000000,6.79
TSLA,2020-04-01,33.6,57.99,29.76,52.13,5720000000,49.21
TSLA,2020-03-01,47.42,53.8,23.37,34.93,6320000000,-21.56
TSLA,2020-02-01,44.91,64.6,40.77,44.53,7100000000,2.68
TSLA,2020-01-01,28.3,43.53,28.11,43.37,6120000000,55.52
TSLA,2019-12-01,21.96,29.02,21.82,27.89,3110000000,26.79
TSLA,2019-11-01,21.09,24.08,20.62,22.0,2370000000,4.77
TSLA,2019-10-01,16.1,22.72,14.95,20.99,3530000000,30.74
TSLA,2019-09-01,14.94,16.9,14.56,16.06,2049999999,6.76
TSLA,2019-08-01,16.18,16.3,14.07,15.04,2009999999,-6.62
TSLA,2019-07-01,15.35,17.74,14.81,16.11,2990000000,8.12
TSLA,2019-06-01,12.37,15.65,11.8,14.9,3220000000,20.68
TSLA,2019-05-01,15.92,17.22,12.27,12.34,4240000000,-22.43
TSLA,2019-04-01,18.84,19.74,15.41,15.91,3460000000,-14.71
TSLA,2019-03-01,20.46,20.48,16.96,18.66,3210000000,-12.51
TSLA,2019-02-01,20.36,21.62,19.25,21.33,1930000000,4.19
TSLA,2019-01-01,20.41,23.47,18.62,20.47,2630000000,-7.75
TSLA,2018-12-01,24.0,25.3,19.61,22.19,2200000000,-5.04
TSLA,2018-11-01,22.55,24.45,21.67,23.37,2000000000,3.9
TSLA,2018-10-01,20.38,23.14,16.52,22.49,4300000000,27.4
TSLA,2018-09-01,19.8,21.0,16.82,17.65,2940000000,-12.23
TSLA,2018-08-01,19.87,25.83,19.21,20.11,4160000000,1.18
TSLA,2018-07-01,24.0,24.32,19.08,19.88,2590000000,-13.07
TSLA,2018-06-01,19.06,24.92,18.92,22.86,3200000000,20.45
TSLA,2018-05-01,19.57,20.87,18.23,18.98,2330000000,-3.12
TSLA,2018-04-01,17.08,20.63,16.31,19.59,2860000000,10.43
TSLA,2018-03-01,23.0,23.24,16.55,17.74,2360000000,-22.42
TSLA,2018-02-01,23.4,24.0,19.65,22.87,1640000000,-3.18
TSLA,2018-01-01,20.8,24.03,20.38,23.62,1860000000,13.8
TSLA,2017-12-01,20.36,23.16,20.0,20.76,1650000000,0.81
TSLA,2017-11-01,22.15,22.17,19.51,20.59,2230000000,-6.84
TSLA,2017-10-01,22.83,24.2,21.11,22.1,1850000000,-2.81
TSLA,2017-09-01,23.74,25.97,22.36,22.74,1670000000,-4.16
TSLA,2017-08-01,21.53,24.67,20.75,23.73,2049999999,10.03
TSLA,2017-07-01,24.68,24.76,20.21,21.56,2720000000,-10.55
TSLA,2017-06-01,22.93,25.8,22.28,24.11,2790000000,6.04
TSLA,2017-05-01,20.99,22.86,19.38,22.73,2220000000,8.58
TSLA,2017-04-01,19.13,20.99,18.97,20.94,1750000000,12.85
TSLA,2017-03-01,16.95,18.8,16.19,18.55,1610000000,11.32
TSLA,2017-02-01,16.87,19.16,16.13,16.67,1790000000,-0.77
TSLA,2017-01-01,14.32,17.23,14.06,16.8,1510000000,17.89
TSLA,2016-12-01,12.55,14.92,12.0,14.25,1320000000,12.82
TSLA,2016-11-01,13.2,13.29,11.88,12.63,1480000000,-4.21
TSLA,2016-10-01,14.15,14.38,12.8,13.18,1380000000,-3.09
TSLA,2016-09-01,13.93,14.07,12.9,13.6,1060000000,-3.76
TSLA,2016-08-01,15.7,15.78,13.91,14.13,934370000,-9.7
TSLA,2016-07-01,13.74,15.69,13.73,15.65,1110000000,10.6
TSLA,2016-06-01,14.77,16.06,12.52,14.15,1830000000,-4.91
TSLA,2016-05-01,16.1,16.21,13.58,14.88,1550000000,-7.28
TSLA,2016-04-01,16.32,17.96,15.55,16.05,2029999999,4.78
TSLA,2016-03-01,12.95,15.99,12.1,15.32,1540000000,19.72
TSLA,2016-02-01,12.58,13.3,9.4,12.8,2009999999,0.38
TSLA,2016-01-01,15.38,15.43,12.16,12.75,1190000000,-20.34
TSLA,2015-12-01,15.4,16.24,14.32,16.0,897780000,4.23
TSLA,2015-11-01,13.93,15.64,13.72,15.35,1180000000,11.27
TSLA,2015-10-01,16.5,16.66,13.47,13.8,1510000000,-16.7
TSLA,2015-09-01,16.02,18.1,15.8,16.56,1200000000,-0.27
TSLA,2015-08-01,17.75,18.07,13.0,16.6,1730000000,-6.42
TSLA,2015-07-01,18.07,19.11,16.72,17.74,1200000000,-0.79
TSLA,2015-06-01,16.76,18.09,16.38,17.88,982100000,6.96
TSLA,2015-05-01,15.33,16.86,14.68,16.72,1340000000,10.95
TSLA,2015-04-01,12.58,15.92,12.4,15.07,1480000000,19.75
TSLA,2015-03-01,13.51,13.75,12.09,12.58,1840000000,-7.17
TSLA,2015-02-01,13.6,15.03,12.89,13.56,1600000000,-0.13
TSLA,2015-01-01,14.86,14.88,12.33,13.57,1350000000,-8.46
TSLA,2014-12-01,16.08,16.16,12.84,14.83,1910000000,-9.04
TSLA,2014-11-01,16.2,17.33,15.23,16.3,1620000000,1.17
TSLA,2014-10-01,16.15,17.7,14.49,16.11,2280000000,-0.4
TSLA,2014-09-01,18.37,19.43,16.01,16.18,1990000000,-10.02
TSLA,2014-08-01,15.07,18.13,15.07,17.98,1720000000,20.78
TSLA,2014-07-01,16.16,16.23,14.24,14.89,1620000000,-6.98
TSLA,2014-06-01,13.82,16.3,13.28,16.0,1850000000,15.54
TSLA,2014-05-01,13.81,14.58,11.81,13.85,2020000000,-0.06
TSLA,2014-04-01,13.93,15.72,12.29,13.86,2480000000,-0.29
TSLA,2014-03-01,15.82,17.33,13.53,13.9,2500000000,-14.83
TSLA,2014-02-01,12.19,17.67,11.29,16.32,3400000000,34.99
TSLA,2014-01-01,9.99,12.4,9.11,12.09,2770000000,20.54
TSLA,2013-12-01,8.42,10.53,8.26,10.03,2970000000,18.14
TSLA,2013-11-01,10.87,12.1,7.74,8.49,4630000000,-20.36
TSLA,2013-10-01,12.93,12.95,10.2,10.66,3880000000,-17.3
TSLA,2013-09-01,11.56,12.97,10.57,12.89,2570000000,14.37
TSLA,2013-08-01,9.0,11.53,8.82,11.27,3890000000,25.92
TSLA,2013-07-01,7.29,9.17,6.97,8.95,3440000000,25.0
TSLA,2013-06-01,6.51,7.35,5.88,7.16,2690000000,9.82
TSLA,2013-05-01,3.73,7.66,3.53,6.52,4970000000,81.11
TSLA,2013-04-01,2.82,3.88,2.68,3.6,1220000000,42.29
TSLA,2013-03-01,2.33,2.63,2.28,2.53,444990000,9.05
TSLA,2013-02-01,2.54,2.67,2.25,2.32,663900000,-7.2
TSLA,2013-01-01,2.33,2.58,2.14,2.5,426960000,10.62
TSLA,2012-12-01,2.26,2.39,2.18,2.26,325740000,0.44
TSLA,2012-11-01,1.88,2.29,1.88,2.25,356460000,19.68
TSLA,2012-10-01,1.97,2.01,1.79,1.88,264390000,-3.59
TSLA,2012-09-01,1.9,2.19,1.82,1.95,499540000,2.63
TSLA,2012-08-01,1.87,2.09,1.7,1.9,367230000,3.83
TSLA,2012-07-01,2.09,2.4,1.81,1.83,488210000,-12.44
TSLA,2012-06-01,1.9,2.3,1.81,2.09,391990000,6.09
TSLA,2012-05-01,2.21,2.31,1.79,1.97,512780000,-10.86
TSLA,2012-04-01,2.49,2.56,2.07,2.21,341430000,-10.89
TSLA,2012-03-01,2.23,2.66,2.17,2.48,332480000,11.21
TSLA,2012-02-01,1.94,2.33,1.93,2.23,347960000,14.95
TSLA,2012-01-01,1.93,2.0,1.51,1.94,384240000,2.11
TSLA,2011-12-01,2.17,2.33,1.74,1.9,316940000,-12.84
TSLA,2011-11-01,1.89,2.33,1.87,2.18,387830000,11.22
TSLA,2011-10-01,1.66,2.0,1.53,1.96,324950000,20.25
TSLA,2011-09-01,1.64,1.8,1.49,1.63,270330000,-1.21
TSLA,2011-08-01,1.91,1.95,1.43,1.65,408360000,-12.23
TSLA,2011-07-01,1.94,2.03,1.78,1.88,316580000,-3.09
TSLA,2011-06-01,2.0,2.1,1.7,1.94,596010000,-3.48
TSLA,2011-05-01,1.84,2.02,1.7,2.01,455300000,9.24
TSLA,2011-04-01,1.83,1.88,1.61,1.84,448750000,-0.54
TSLA,2011-03-01,1.6,1.91,1.45,1.85,488520000,16.35
TSLA,2011-02-01,1.62,1.7,1.41,1.59,439760000,-1.24
TSLA,2011-01-01,1.79,1.91,1.49,1.61,426450000,-9.55
TSLA,2010-12-01,2.39,2.43,1.67,1.78,553520000,-24.58
TSLA,2010-11-01,1.46,2.4,1.4,2.36,424840000,61.64
TSLA,2010-10-01,1.38,1.46,1.33,1.46,98290000,7.35
TSLA,2010-09-01,1.31,1.54,1.3,1.36,270730000,4.62
TSLA,2010-08-01,1.37,1.48,1.16,1.3,225760000,-2.26
TSLA,2010-07-01,1.67,1.73,1.0,1.33,969510000,-16.35
NVDA,2024-12-01,138.83,146.54,126.86,134.29,4090000000,-2.86
NVDA,2024-11-01,134.7,152.89,131.8,138.25,4500000000,4.14
NVDA,2024-10-01,121.76,144.42,115.14,132.76,5630000000,9.32
NVDA,2024-09-01,116.01,127.67,100.95,121.44,6270000000,1.73
NVDA,2024-08-01,117.53,131.26,90.69,119.37,8109999999,2.01
NVDA,2024-07-01,123.47,136.15,102.54,117.02,6410000000,-5.28
NVDA,2024-06-01,113.62,140.76,112.0,123.54,7440000000,12.69
NVDA,2024-05-01,85.08,115.82,81.25,109.63,9650000000,26.89
NVDA,2024-04-01,90.3,92.22,75.61,86.4,10070000000,-4.38
NVDA,2024-03-01,80.0,97.4,79.44,90.36,12150000000,14.21
NVDA,2024-02-01,62.1,82.39,61.65,79.11,11080000000,28.58
NVDA,2024-01-01,49.24,63.49,47.32,61.53,9710000000,24.24
NVDA,2023-12-01,46.53,50.43,45.01,49.52,7410000000,5.88
NVDA,2023-11-01,40.88,50.55,40.87,46.77,9150000000,14.69
NVDA,2023-10-01,44.03,47.61,39.23,40.78,10140000000,-6.25
NVDA,2023-09-01,49.76,49.8,40.98,43.5,8580000000,-11.87
NVDA,2023-08-01,46.46,50.27,40.31,49.35,13640000000,5.62
NVDA,2023-07-01,42.52,48.09,41.35,46.73,8710000000,10.47
NVDA,2023-06-01,38.49,43.99,37.36,42.3,10530000000,11.81
NVDA,2023-05-01,27.84,41.94,27.24,37.83,11700000000,36.34
NVDA,2023-04-01,27.51,28.11,26.22,27.75,7440000000,-0.1
NVDA,2023-03-01,23.19,27.83,22.3,27.78,11270000000,19.65
NVDA,2023-02-01,19.69,23.89,19.61,23.22,10390000000,18.83
NVDA,2023-01-01,14.85,20.63,14.03,19.54,9450000000,33.69
NVDA,2022-12-01,17.0,18.79,13.88,14.61,8950000000,-13.64
NVDA,2022-11-01,13.81,17.0,12.96,16.92,10600000000,25.38
NVDA,2022-10-01,12.35,13.85,10.81,13.5,12550000000,11.19
NVDA,2022-09-01,14.21,14.55,11.95,12.14,13130000000,-19.58
NVDA,2022-08-01,18.18,19.27,14.96,15.09,12070000000,-16.9
NVDA,2022-07-01,14.9,18.24,14.06,18.16,10570000000,19.82
NVDA,2022-06-01,18.72,19.62,14.86,15.16,10560000000,-18.81
NVDA,2022-05-01,18.54,20.4,15.57,18.67,13830000000,0.67
NVDA,2022-04-01,27.38,27.56,18.29,18.55,11110000000,-32.03
NVDA,2022-03-01,24.29,28.95,20.65,27.29,11650000000,11.9
NVDA,2022-02-01,25.1,26.92,20.89,24.39,10650000000,-0.41
NVDA,2022-01-01,29.82,30.71,20.89,24.49,10680000000,-16.75
NVDA,2021-12-01,33.22,33.29,27.15,29.41,11060000000,-9.99
NVDA,2021-11-01,25.65,34.65,25.23,32.68,10810000000,27.81
NVDA,2021-10-01,20.75,25.71,19.56,25.57,4970000000,23.42
NVDA,2021-09-01,22.49,22.99,20.47,20.72,5000000000,-7.46
NVDA,2021-08-01,19.7,23.04,18.76,22.39,6420000000,14.8
NVDA,2021-07-01,20.13,20.88,17.87,19.5,7820000000,-2.52
NVDA,2021-06-01,16.27,20.16,15.9,20.0,10270000000,23.13
NVDA,2021-05-01,15.13,16.28,13.46,16.24,7050000000,8.23
NVDA,2021-04-01,13.57,16.21,13.51,15.01,6720000000,12.45
NVDA,2021-03-01,13.88,13.93,11.57,13.35,7650000000,-2.67
NVDA,2021-02-01,13.05,15.37,12.9,13.71,6680000000,5.58
NVDA,2021-01-01,13.1,14.0,12.59,12.99,6160000000,-0.5
NVDA,2020-12-01,13.49,13.73,12.76,13.06,5120000000,-2.59
NVDA,2020-11-01,12.66,14.69,12.4,13.4,7600000000,6.92
NVDA,2020-10-01,13.76,14.35,12.3,12.53,8020000000,-7.36
NVDA,2020-09-01,13.48,14.73,11.7,13.53,15860000000,1.17
NVDA,2020-08-01,10.73,13.57,10.72,13.37,9670000000,26.0
NVDA,2020-07-01,9.52,10.79,9.41,10.61,8100000000,11.76
NVDA,2020-06-01,8.83,9.64,8.66,9.5,9720000000,7.01
NVDA,2020-05-01,7.11,9.18,7.02,8.88,12550000000,21.47
NVDA,2020-04-01,6.39,7.61,5.96,7.31,11280000000,10.88
NVDA,2020-03-01,6.92,7.12,4.52,6.59,15780000000,-2.4
NVDA,2020-02-01,5.89,7.91,5.89,6.75,11860000000,14.23
NVDA,2020-01-01,5.97,6.49,5.78,5.91,6130000000,0.48
NVDA,2019-12-01,5.41,6.05,5.01,5.88,6570000000,8.56
NVDA,2019-11-01,4.99,5.54,4.96,5.42,7340000000,7.82
NVDA,2019-10-01,4.38,5.22,4.25,5.03,7810000000,15.48
NVDA,2019-09-01,4.11,4.71,4.08,4.35,6410000000,3.92
NVDA,2019-08-01,4.23,4.34,3.68,4.19,9550000000,-0.72
NVDA,2019-07-01,4.31,4.47,3.88,4.22,8420000000,2.73
NVDA,2019-06-01,3.4,4.13,3.32,4.11,8230000000,21.24
NVDA,2019-05-01,4.58,4.62,3.38,3.39,11180000000,-25.16
NVDA,2019-04-01,4.58,4.84,4.33,4.53,9440000000,0.8
NVDA,2019-03-01,3.91,4.63,3.62,4.49,12070000000,16.4
NVDA,2019-02-01,3.61,4.13,3.56,3.86,11450000000,7.31
NVDA,2019-01-01,3.27,4.02,3.19,3.59,16870000000,7.68
NVDA,2018-12-01,4.32,4.37,3.11,3.34,12450000000,-18.31
NVDA,2018-11-01,5.31,5.55,3.33,4.09,16160000000,-22.48
NVDA,2018-10-01,7.1,7.32,4.4,5.27,12980000000,-24.98
NVDA,2018-09-01,7.0,7.13,6.47,7.03,6340000000,0.12
NVDA,2018-08-01,6.15,7.04,5.97,7.02,10920000000,14.63
NVDA,2018-07-01,5.85,6.41,5.83,6.12,6320000000,3.36
NVDA,2018-06-01,6.35,6.73,5.88,5.92,8790000000,-6.06
NVDA,2018-05-01,5.61,6.51,5.55,6.3,11980000000,12.13
NVDA,2018-04-01,5.72,5.98,5.26,5.62,11150000000,-2.89
NVDA,2018-03-01,6.05,6.36,5.43,5.79,14120000000,-4.3
NVDA,2018-02-01,5.96,6.3,5.1,6.05,14920000000,-1.55
NVDA,2018-01-01,4.89,6.23,4.86,6.14,11460000000,27.03
NVDA,2017-12-01,4.98,5.01,4.51,4.84,10110000000,-3.59
NVDA,2017-11-01,5.23,5.47,4.78,5.02,11830000000,-2.95
NVDA,2017-10-01,4.52,5.2,4.43,5.17,11420000000,15.68
NVDA,2017-09-01,4.25,4.78,4.07,4.47,14450000000,5.51
NVDA,2017-08-01,4.05,4.36,3.82,4.24,14730000000,4.26
NVDA,2017-07-01,3.63,4.25,3.46,4.06,15490000000,12.42
NVDA,2017-06-01,3.62,4.21,3.55,3.61,23450000000,0.15
NVDA,2017-05-01,2.62,3.67,2.56,3.61,19210000000,38.4
NVDA,2017-04-01,2.72,2.74,2.39,2.61,9570000000,-4.25
NVDA,2017-03-01,2.59,2.75,2.38,2.72,14290000000,7.34
NVDA,2017-02-01,2.76,3.02,2.39,2.54,14210000000,-7.05
NVDA,2017-01-01,2.61,2.8,2.48,2.73,13400000000,2.29
NVDA,2016-12-01,2.3,3.0,2.12,2.67,18080000000,15.77
NVDA,2016-11-01,1.79,2.38,1.66,2.31,12770000000,29.57
NVDA,2016-10-01,1.71,1.82,1.59,1.78,6550000000,3.85
NVDA,2016-09-01,1.53,1.73,1.43,1.71,8670000000,11.71
NVDA,2016-08-01,1.43,1.59,1.39,1.53,9310000000,7.43
NVDA,2016-07-01,1.17,1.43,1.15,1.43,7210000000,21.46
NVDA,2016-06-01,1.16,1.21,1.11,1.18,8199999999,0.62
NVDA,2016-05-01,0.9,1.17,0.86,1.17,10370000000,31.49
NVDA,2016-04-01,0.89,0.94,0.87,0.89,6730000000,0.0
NVDA,2016-03-01,0.79,0.91,0.78,0.89,6580000000,13.62
NVDA,2016-02-01,0.73,0.8,0.62,0.78,9000000000,7.07
NVDA,2016-01-01,0.81,0.84,0.66,0.73,8140000000,-11.13
NVDA,2015-12-01,0.8,0.85,0.8,0.82,5630000000,3.91
NVDA,2015-11-01,0.71,0.8,0.69,0.79,7350000000,11.81
NVDA,2015-10-01,0.62,0.72,0.59,0.71,8050000000,15.09
NVDA,2015-09-01,0.55,0.62,0.54,0.62,6480000000,9.65
NVDA,2015-08-01,0.5,0.6,0.5,0.56,9470000000,12.68
NVDA,2015-07-01,0.52,0.52,0.48,0.5,5480000000,0.0
NVDA,2015-06-01,0.56,0.57,0.5,0.5,7330000000,-9.13
NVDA,2015-05-01,0.56,0.57,0.51,0.55,7080000000,0.0
NVDA,2015-04-01,0.53,0.57,0.52,0.55,5670000000,6.07
NVDA,2015-03-01,0.55,0.59,0.51,0.52,7310000000,-5.15
NVDA,2015-02-01,0.48,0.56,0.47,0.55,4190000000,14.87
NVDA,2015-01-01,0.5,0.52,0.48,0.48,4139999999,-4.21
NVDA,2014-12-01,0.52,0.53,0.48,0.5,4260000000,-4.39
NVDA,2014-11-01,0.5,0.53,0.48,0.52,4640000000,7.32
NVDA,2014-10-01,0.46,0.49,0.42,0.49,6610000000,5.91
NVDA,2014-09-01,0.49,0.5,0.46,0.46,5510000000,-5.14
NVDA,2014-08-01,0.44,0.49,0.43,0.49,6080000000,11.14
NVDA,2014-07-01,0.46,0.49,0.44,0.44,6270000000,-5.61
NVDA,2014-06-01,0.48,0.49,0.46,0.46,5280000000,-1.38
NVDA,2014-05-01,0.47,0.48,0.44,0.47,5610000000,2.17
NVDA,2014-04-01,0.46,0.49,0.45,0.46,6940000000,2.22
NVDA,2014-03-01,0.45,0.47,0.44,0.45,7220000000,-2.17
NVDA,2014-02-01,0.4,0.48,0.38,0.46,7720000000,17.95
NVDA,2014-01-01,0.4,0.41,0.38,0.39,5420000000,-2.5
NVDA,2013-12-01,0.39,0.4,0.37,0.4,6170000000,2.56
NVDA,2013-11-01,0.38,0.41,0.36,0.39,6630000000,2.63
NVDA,2013-10-01,0.39,0.4,0.38,0.38,5770000000,-2.56
NVDA,2013-09-01,0.37,0.4,0.37,0.39,4820000000,5.41
NVDA,2013-08-01,0.36,0.39,0.33,0.37,7860000000,2.78
NVDA,2013-07-01,0.35,0.37,0.35,0.36,5230000000,2.86
NVDA,2013-06-01,0.36,0.39,0.35,0.35,9300000000,-2.78
NVDA,2013-05-01,0.34,0.37,0.34,0.36,8289999999,5.88
NVDA,2013-04-01,0.32,0.34,0.3,0.34,9390000000,6.25
NVDA,2013-03-01,0.31,0.33,0.31,0.32,6610000000,0.0
NVDA,2013-02-01,0.31,0.32,0.3,0.32,9900000000,3.23
NVDA,2013-01-01,0.31,0.33,0.3,0.31,9180000000,0.0
NVDA,2012-12-01,0.3,0.32,0.29,0.31,8039999999,3.33
NVDA,2012-11-01,0.3,0.33,0.28,0.3,9990000000,0.0
NVDA,2012-10-01,0.34,0.34,0.3,0.3,8140000000,-9.09
NVDA,2012-09-01,0.34,0.35,0.32,0.33,8750000000,-5.71
NVDA,2012-08-01,0.34,0.38,0.33,0.35,9920000000,2.94
NVDA,2012-07-01,0.35,0.35,0.3,0.34,8500000000,-2.86
NVDA,2012-06-01,0.3,0.35,0.29,0.35,11530000000,12.9
NVDA,2012-05-01,0.32,0.34,0.3,0.31,11370000000,-6.06
NVDA,2012-04-01,0.38,0.39,0.32,0.33,9550000000,-13.16
NVDA,2012-03-01,0.38,0.39,0.36,0.38,10330000000,0.0
NVDA,2012-02-01,0.37,0.42,0.37,0.38,13080000000,2.7
NVDA,2012-01-01,0.36,0.38,0.34,0.37,11600000000,5.71
NVDA,2011-12-01,0.39,0.4,0.33,0.35,9740000000,-10.26
NVDA,2011-11-01,0.36,0.39,0.34,0.39,16170000000,5.41
NVDA,2011-10-01,0.31,0.4,0.29,0.37,14850000000,19.35
NVDA,2011-09-01,0.34,0.4,0.31,0.31,20090000000,-6.06
NVDA,2011-08-01,0.35,0.38,0.29,0.33,22570000000,-5.71
NVDA,2011-07-01,0.4,0.41,0.34,0.35,14550000000,-12.5
NVDA,2011-06-01,0.5,0.5,0.37,0.4,15960000000,-20.0
NVDA,2011-05-01,0.51,0.51,0.43,0.5,17170000000,0.0
NVDA,2011-04-01,0.47,0.51,0.42,0.5,15330000000,8.7
NVDA,2011-03-01,0.57,0.57,0.43,0.46,27600000000,-19.3
NVDA,2011-02-01,0.6,0.65,0.54,0.57,24030000000,-5.0
NVDA,2011-01-01,0.39,0.63,0.39,0.6,32740000000,53.85
NVDA,2010-12-01,0.35,0.39,0.35,0.39,11210000000,14.71
NVDA,2010-11-01,0.3,0.35,0.3,0.34,14540000000,13.33
NVDA,2010-10-01,0.3,0.31,0.26,0.3,15810000000,3.45
NVDA,2010-09-01,0.24,0.31,0.23,0.29,17530000000,26.09
NVDA,2010-08-01,0.23,0.26,0.22,0.23,19420000000,0.0
NVDA,2010-07-01,0.26,0.29,0.22,0.23,19240000000,-11.54
NVDA,2010-06-01,0.32,0.33,0.26,0.26,13690000000,-21.21
NVDA,2010-05-01,0.39,0.4,0.3,0.33,20770000000,-15.38
NVDA,2010-04-01,0.44,0.45,0.39,0.39,17110000000,-9.3
NVDA,2010-03-01,0.41,0.46,0.4,0.43,11750000000,4.88
NVDA,2010-02-01,0.39,0.45,0.38,0.41,12860000000,7.89
NVDA,2010-01-01,0.46,0.47,0.38,0.38,12900000000,-19.15
NVDA,2009-12-01,0.33,0.47,0.33,0.47,16370000000,42.42
NVDA,2009-11-01,0.3,0.35,0.29,0.33,12860000000,10.0
NVDA,2009-10-01,0.37,0.37,0.3,0.3,15520000000,-21.05
NVDA,2009-09-01,0.36,0.41,0.35,0.38,12080000000,5.56
NVDA,2009-08-01,0.33,0.38,0.32,0.36,13230000000,12.5
NVDA,2009-07-01,0.28,0.33,0.24,0.32,16000000000,14.29
NVDA,2009-06-01,0.26,0.3,0.25,0.28,14680000000,7.69
NVDA,2009-05-01,0.29,0.31,0.21,0.26,21410000000,-10.34
NVDA,2009-04-01,0.24,0.3,0.23,0.29,17630000000,16.0
NVDA,2009-03-01,0.2,0.3,0.19,0.25,22190000000,19.05
NVDA,2009-02-01,0.2,0.25,0.18,0.21,16300000000,5.0
NVDA,2009-01-01,0.2,0.24,0.18,0.2,15270000000,0.0
NVDA,2008-12-01,0.18,0.24,0.17,0.2,11710000000,5.26
NVDA,2008-11-01,0.22,0.23,0.14,0.19,12210000000,-13.64
NVDA,2008-10-01,0.26,0.27,0.15,0.22,20470000000,-18.52
NVDA,2008-09-01,0.32,0.32,0.22,0.27,19740000000,-15.62
NVDA,2008-08-01,0.28,0.35,0.26,0.32,18650000000,10.34
NVDA,2008-07-01,0.46,0.47,0.27,0.29,22780000000,-38.3
NVDA,2008-06-01,0.62,0.63,0.46,0.47,17180000000,-24.19
NVDA,2008-05-01,0.52,0.63,0.52,0.62,20400000000,21.57
NVDA,2008-04-01,0.51,0.53,0.44,0.51,16629999999,4.08
NVDA,2008-03-01,0.53,0.54,0.43,0.49,15940000000,-7.55
NVDA,2008-02-01,0.61,0.69,0.53,0.53,13630000000,-13.11
NVDA,2008-01-01,0.85,0.86,0.56,0.61,15500000000,-28.24
NVDA,2007-12-01,0.8,0.91,0.78,0.85,7580000000,7.59
NVDA,2007-11-01,0.87,0.95,0.73,0.79,12060000000,-10.23
NVDA,2007-10-01,0.91,0.99,0.81,0.88,10670000000,-3.3
NVDA,2007-09-01,0.86,0.93,0.8,0.91,9490000000,7.06
NVDA,2007-08-01,0.75,0.86,0.68,0.85,15710000000,11.84
NVDA,2007-07-01,0.7,0.8,0.7,0.76,10430000000,10.14
NVDA,2007-06-01,0.58,0.73,0.57,0.69,14480000000,18.97
NVDA,2007-05-01,0.56,0.6,0.54,0.58,12960000000,5.45
NVDA,2007-04-01,0.48,0.57,0.47,0.55,13540000000,14.58
NVDA,2007-03-01,0.51,0.53,0.47,0.48,14860000000,-7.69
NVDA,2007-02-01,0.51,0.58,0.51,0.52,13530000000,1.96
NVDA,2007-01-01,0.62,0.63,0.5,0.51,17079999999,-17.74
NVDA,2006-12-01,0.61,0.65,0.58,0.62,10030000000,0.0
NVDA,2006-11-01,0.57,0.62,0.53,0.62,13470000000,6.9
NVDA,2006-10-01,0.49,0.58,0.46,0.58,13570000000,18.37
NVDA,2006-09-01,0.48,0.52,0.44,0.49,11530000000,0.0
NVDA,2006-08-01,0.36,0.49,0.35,0.49,16270000000,32.43
NVDA,2006-07-01,0.36,0.38,0.29,0.37,12170000000,5.71
NVDA,2006-06-01,0.39,0.41,0.32,0.35,12310000000,-7.89
NVDA,2006-05-01,0.49,0.53,0.38,0.38,14400000000,-22.45
NVDA,2006-04-01,0.48,0.51,0.46,0.49,13410000000,2.08
NVDA,2006-03-01,0.39,0.49,0.39,0.48,15800000000,23.08
NVDA,2006-02-01,0.37,0.42,0.36,0.39,11910000000,5.41
NVDA,2006-01-01,0.31,0.39,0.31,0.37,9520000000,23.33
NVDA,2005-12-01,0.3,0.32,0.3,0.3,7660000000,0.0
NVDA,2005-11-01,0.28,0.32,0.27,0.3,13210000000,7.14
NVDA,2005-10-01,0.29,0.3,0.25,0.28,9390000000,-3.45
NVDA,2005-09-01,0.25,0.29,0.25,0.29,11120000000,11.54
NVDA,2005-08-01,0.23,0.26,0.23,0.26,14600000000,13.04
NVDA,2005-07-01,0.22,0.24,0.21,0.23,13700000000,4.55
NVDA,2005-06-01,0.22,0.24,0.21,0.22,16340000000,-4.35
NVDA,2005-05-01,0.18,0.23,0.18,0.23,14350000000,27.78
NVDA,2005-04-01,0.2,0.2,0.17,0.18,9830000000,-10.0
NVDA,2005-03-01,0.24,0.25,0.2,0.2,15170000000,-16.67
NVDA,2005-02-01,0.19,0.24,0.19,0.24,17520000000,26.32
NVDA,2005-01-01,0.2,0.21,0.17,0.19,13740000000,-5.0
